지명,평점,상세설명,mapx,mapy,이미지링크,주소,카테고리
경복궁,4.6,투어 & 박물관이 있는 역사적인 궁전,126.97704813483733,37.57889713867698,https://lh3.googleusercontent.com/proxy/HGtEVNovMrYOq0Wl4OtWp1Esv5r9Xs0qslP0rzFzRZORPk38bApt7mbXYppk1e4XTqizNXJ_m2lS5g6AjWCuCI0xw_CU0KgbvH-x0PSoYf1DcCv4Sf1NEUuqinkfr058IMLYg1uyTxsea5GAjuAIwoSP-VY=w464-h260-n-k-no,서울특별시 종로구 세종로 1-91,"여행,명소>궁궐"
덕수궁,4.5,왕궁수문장 의식을 볼 수 있는 궁전,126.97494693577792,37.56615624076806,https://lh3.googleusercontent.com/proxy/cwvqdo0xArlRirS2B_hX7ypM2YGb5Q-fuxkJyOb_Ea_BV8vT0TKZ5k40JpbMzUtqF_QWqrWuXPbCbBQiv_sdy2TrZzakuWmaSlhXsh4EPF3En1OtFpB_paOhDh1d6f47dY5SyWaRmty10WJR6dKURD7EU40=w464-h260-n-k-no,서울특별시 중구 정동 5-1,"여행,명소>궁궐"
창경궁,4.6,"궁전, 단풍 및 정원",126.9941686426061,37.579557657759885,https://lh6.googleusercontent.com/proxy/1S1TwFk2bg2k_AVI6SeHRBF7aX4F9fH0FNcYxdzyz_2sCMcxGk-3fpv5lcbIZOgg1gje0pQXpnL4xnWvBe9MECQEFwql1y2J-kO4qul2NMzgRgaI2_YxwWQUG_vNsCXqJMln88dFWNRsXJZE_fSc5eGB6wM=w464-h260-n-k-no,서울특별시 종로구 와룡동 2-1,"여행,명소>궁궐"
경희궁,4.3,"궁전, 미술관, 박물관 및 역사",126.96856626089544,37.5708312047648,https://lh5.googleusercontent.com/proxy/MQs6Tl6eqLAzVFmoOmOiyssT5EUJwVz1eqoZTVFCS3OnqPsBHKyeQBhceX-lKS30NrISkkarRb3mt7JCZ3csEgyHnbbGHTkgtS8DDbEjHEFjN0-rT_B0FskKhteli00mYgpGd2tfmqsDycu0rtfizZHMQD8=w464-h260-n-k-no,서울특별시 종로구 신문로2가 2-1,"여행,명소>궁궐"
광화문,4.5,경복궁의 웅장한 궐문,126.97687146402922,37.576084364468535,https://lh6.googleusercontent.com/proxy/22TVcpWJLoWXXHjnJsj1Rp6pRlmYqS83nAv_fu66IJE4Olod9gQbKQtFGiJ3-WYV9W6C4VgWtDW_m4boqBlT5HMhJxlmq6dg7uMTq434WXeWijOHZg13O2evWRh2rUhSit1Lm9Mf41Y9PHp3e0CSqtwiHrM=w464-h260-n-k-no,서울특별시 종로구 세종로 1-57,"여행,명소>기념물"
명동대성당,4.6,"대성당, 교회당, 건축 및 고딕 건축",126.98725339848535,37.5634870990808,https://t1.gstatic.com/images?q=tbn:ANd9GcSbBpErtsVqmBSTpFmArqtbQHCqbG4bB7IXRtiyTM17UxwkO8ruYsIB4sGS-b9YHWFHgpn5RrIZDF0hWA,서울특별시 중구 명동2가 1-1,종교>천주교
창덕궁 후원,4.8,"궁전, 정원 및 단풍",126.9911763267597,37.579811479771045,https://t2.gstatic.com/images?q=tbn:ANd9GcQOOr-IPHIK3tgSam208bQT8XG6zSx4e87Y6ravHf-ihtoMadIR8ZsOcMHMf5RiVnrlO0rwtzZlC2_E_Q,서울특별시 종로구 와룡동 2-1,"여행,명소>지역명소"
운현궁,4.3,궁전,126.98708172966701,37.57618130978059,https://t0.gstatic.com/images?q=tbn:ANd9GcRKPpWlB9ptZki0hhVQD0W_gR94nW7nRcElryM1c_IO20XaD7EDR9hV8Hv_KqmXAXkyYFE5mzbvNq_kbA,서울특별시 종로구 운니동 114-10,"여행,명소>궁궐"
청와대,3.5,"궁전, 박물관 및 건축",126.97324878833587,37.582684603349136,https://t1.gstatic.com/images?q=tbn:ANd9GcTbuz62jKmaplhV7ukh1EGxSO-qEh4KeIGr1OyXsIoA02RJxj_sKL0px35jEH7Gbbn9G0KqbS2tOt9QVA,서울특별시 종로구 효자동 150,"여행,명소>박물관"
근정전,4.7,궁전 및 건축,126.97701909844882,37.5785364714118,https://lh3.googleusercontent.com/proxy/72ZtM6Pf3cxLRBesh6NIhsCWxbQ1lrZMj17cskbjy1rllk9qWm9d0fSH-4c1wwWEQXjRqK7kkbfpvWFP7ReC7IMIpKKvX98ckT00Ja7kuJ77AR4jIiyfk1VbqJxdTo6iGtMy__WVkugi4ibYtlAQWoGVxmQ=w464-h260-n-k-no,서울특별시 종로구 세종로,"문화,유적>부속시설"
국립고궁박물관,4.5,박물관 및 궁전,126.9749494326414,37.57672547166744,https://t3.gstatic.com/images?q=tbn:ANd9GcQshAWytVKZDVBDX8-y38Vpq3yXyKpAfOhnhaf6UCbrTYxGqKzMlCzpFF7IBBGR0c7MfLa_SnWb9aQrjw,서울특별시 종로구 세종로 1-57,"여행,명소>박물관"
전쟁기념관,4.6,전쟁 기념물 및 역사,126.97690766372682,37.53696138114463,https://t1.gstatic.com/images?q=tbn:ANd9GcTuI17cJ1fm9De-n-Yo8Tp4g-5TJW-48_aH7xfcCVeUEsfXACLLXvDuZ0gkpoQ6ibAiRDjibKNyugj4Bw,서울특별시 용산구 용산동1가 8,"여행,명소>박물관"
한양도성,4.6,"역사, 공원 및 산",126.99864037271661,37.54994228099893,https://t3.gstatic.com/images?q=tbn:ANd9GcROVKqlBeCKqpeWM6439AaTfebHr--5oEP1gQuFYbLTt0E_OnkaONnDUH1wxkrUaw-rtPzGjAbr7irtQQ,서울특별시 중구 장충동2가 산14-21,"거리,골목>도보코스"
남한산성,4.3,"등산, 단풍, 역사 및 사적",127.1799772095481,37.479361895722164,https://t0.gstatic.com/images?q=tbn:ANd9GcRgNSE9kYHv0IoN31X0gwHv2Az6nJpT5AyUyT_qOVoCHDfaJ1q3gxEuLw0sVyhdzI7tJ9pcYtpf1sMVDQ,경기도 광주시 남한산성면 산성리 산23,"여행,명소>산,고개"
경회루,4.6,궁전 및 건축,126.97602807571343,37.579807366842594,https://t1.gstatic.com/images?q=tbn:ANd9GcTqNTrQc5oTrmmWfBXSkxwCIzNODuZv7IVZ1i_rppNS6_P1-w6ziWF2TAFuSp0brqkS-ol7ZWBrorwsDQ,서울특별시 종로구 세종로 1-1,"문화,유적>부속시설"
인정전,4.7,궁전,126.99111241128332,37.57951359078694,https://lh6.googleusercontent.com/-fNTKLmhO1Jo/XcI0zdHc53I/AAAAAAAB2Yg/fQE2-T0QzDA1qD_9oM9klkT492yqwKGjgCLIBGAYYCw/w464-h260-n-k-no/,서울특별시 종로구 와룡동,"문화,유적>부속시설"
환구단,4.0,"사적, 역사 및 유적",126.97977140430413,37.565152767165664,https://lh3.googleusercontent.com/-2gH8SOhOOOM/WrTYxqjY7-I/AAAAAAAAMXI/lPdzOvPJCQQH8uu3kyMowbmOXtKr1dEggCLIBGAYYCw/w464-h260-n-k-no/,서울특별시 중구 소공동,"여행,명소>문화재"
낙선재,4.6,궁전,127.2061941018899,37.45609475390003,https://t3.gstatic.com/images?q=tbn:ANd9GcQuYWCjCnPuRTtZaxBSm4HgF6nAER8WDqz30sr0Ib4cbpDlGWn5NmJNsCzYfm7wq5AN0Sr_DEohF3keww,경기도 광주시 남한산성면 불당리 194-1,한식>한정식
한복남 경복궁점,4.7,궁전,126.97332432546959,37.57635095157373,https://lh4.googleusercontent.com/-mn7LS8ava5I/XN1YUY1TaKI/AAAAAAAASxI/1duCqy0HNbIrWbBtJ0j_N6Q4WgZGT2lRwCLIBGAYYCw/w464-h260-n-k-no/,서울특별시 종로구 적선동 95-1,"임대,대여>한복대여"
향원정,4.5,궁전 및 단풍,126.91466031874947,37.55202142373743,https://lh6.googleusercontent.com/-hzT2e_zN0_c/Wo-kzHg-qnI/AAAAAAAANSg/vUSQwLsSyGkTyDjI8Nyvk8KZX0k1Jdn4QCLIBGAYYCw/w464-h260-n-k-no/,서울특별시 마포구 서교동 386-10,음식점>한식
몽촌토성,4.5,"공원, 유적, 역사 및 사적",127.1188977458444,37.522858656362,https://lh5.googleusercontent.com/-79RFiAWFSa0/XNArHA8YWwI/AAAAAAABhkM/dqiVVeTVUe8MrtZUsS1Alv490hPwPNNowCLIBGAYYCw/w464-h260-n-k-no/,서울특별시 송파구 오륜동 88-3,"여행,명소>성곽명"
동구릉,4.3,"무덤, 사적, 역사 및 기념건축물",127.13284762913513,37.618626388760084,https://t3.gstatic.com/images?q=tbn:ANd9GcTT1SfPJVcqrcmIz3RCDLMpNgy6jYLCTMYHJnlbD8t5tnYh7TOJGmaHHP58jfTN_h0zTpFpve5VFq4SgA,경기도 구리시 인창동 66-1,"여행,명소>세계문화유산"
북한산성,4.4,1711년에 완공되어 오랜 시간 명성을 쌓아온 요새,126.95762973422859,37.65217068963734,https://t3.gstatic.com/images?q=tbn:ANd9GcR_sxd_dsEDOtyLxBLfQb7szgDPJ6OoeKCOzlRRr7wFiybmHeejOxVyq4yLUC5tQtCfWgDdlQ-ShzJ-Tw,경기도 고양시 덕양구 북한동 산1-1,"여행,명소>산,고개"
돈화문,4.5,"궁전, 음악, 연극 및 건축",126.99005813251861,37.57793677642835,https://lh4.googleusercontent.com/-oseqabh-jkM/WyIH3ZhqGHI/AAAAAAAIUkE/6ywbrSr9O083I0CKYdIJ0VhtxJ_okz5oACLIBGAYYCw/w464-h260-n-k-no/,서울특별시 종로구 와룡동,"여행,명소>기념물"
남산골한옥마을,4.2,태권도 및 궁전,126.99370618755194,37.55920818152162,https://lh6.googleusercontent.com/proxy/FVHeDWIDMXLB7k0_1Jtw4JiBcjd14iwKsTVkzeYZD_FmvY7JsfhHvAlWxFJmdDKAIZmOKJpdj8pr9NiT_iJuNDbBlt3Za6rhaDeDyZs1IYNb_kh0MZOeuMBQcv4_sJjT88041AaDTTblj1bttB3Kfma3dZSIIw=w464-h260-n-k-no,서울특별시 중구 필동2가 84-1,"여행,명소>문화,유적"
풍납토성,3.8,"유적, 역사 및 사적",127.12108246008614,37.539166017030645,https://lh3.googleusercontent.com/proxy/U53WSo1QVk2FLKRCOCrG6WO2maFo6fpuDIM-a4qSlYSYEn1ulDb7SzOmmp9yun1zAOchl925aLq-YAaeR_0-9vj4I4RRDh7lj91LeS48vF0h1M2XsjlQlLcDqRfUFVBNjj9mQhSIoSCh4B3FZDysS5RU1jIt6jPRBME=w464-h260-n-k-no,서울특별시 송파구 풍납동 72-1,"여행,명소>성곽명"
아차산,4.3,"등산, 유적, 공원, 단풍 및 역사",127.10277002343659,37.566907073271985,https://lh5.googleusercontent.com/-ZgT3Wo3cT74/XJMpfQQlbLI/AAAAAAAAAQ8/dDBEzNUEJdg7H5Ow4ZLRJkzJ31FGh8WiQCLIBGAYYCw/w464-h260-n-k-no/,경기도 구리시 아천동,"여행,명소>산,고개"
흥례문,4.5,궁전 및 역사,126.97691525997709,37.57702182539131,https://lh5.googleusercontent.com/-xgYwSe_EQqE/XTuss-WgSxI/AAAAAAABPvc/TTyIwDVkOUM-vxL_3ZeAocoY7wDabBQNgCLIBGAYYCw/w464-h260-n-k-no/,서울특별시 종로구 세종로,"여행,명소>기념물"
고궁 (Gogung),4.1,궁전,126.98668473569856,37.56201352605323,https://t1.gstatic.com/images?q=tbn:ANd9GcQd0ICvqHtA3qhXzxbEt3AN6KGvGiv07JuVsOQLN0Ab0FWrN29qXyFLNiNxXq0FA_btSVYd9HFa9emigg,서울특별시 중구 충무로2가 11-1,한식>비빔밥
대한성공회 서울주교좌대성당,4.6,대성당 및 건축,126.97610937206443,37.567238554286746,https://t1.gstatic.com/images?q=tbn:ANd9GcQ4ivtkMUBrAJ4T9IJZe7X4R5SDxOe4CQ8qv-OVEaQcUPdNjHWvbjz4ioD_Lw67kOLFFHsFEaYVykeaDg,서울특별시 중구 정동 3,종교>개신교
자경전,4.3,궁전,126.97814890669422,37.58036634463052,https://lh6.googleusercontent.com/--shhKpueupI/XZQ8-whq5CI/AAAAAAAAO6w/3We7leNA0hUuQl9afS9A52OMC7vgOYvkACLIBGAYYCw/w464-h260-n-k-no/,서울특별시 종로구 세종로,"문화,유적>부속시설"
사정전,4.6,궁전,126.97706695915011,37.579176623951,https://lh4.googleusercontent.com/-aDSMH1GEzBQ/Wvvul0dFYJI/AAAAAAAAK4E/PhwcOfRrl3QT5pCff6jqVVJHkHzX_qoKwCLIBGAYYCw/w464-h260-n-k-no/,서울특별시 종로구 세종로,"여행,명소>문화재"
서오릉,4.3,"무덤, 단풍, 사적 및 역사",126.89194947632109,37.62599269797663,https://lh5.googleusercontent.com/proxy/Vtu83cZxhcvYCL2W2M2X82GHag8uXeRckiVxQUHfujJ4ExwvmshefYmnsEmliCkqts92xchvCIXU3su6RcilxV9-TCvTieK1DLRi5rNoolFiNOjlkQglw_KPv7go7GuPLfWRxXtNn68GOaBnWmFivL8eqfk=w464-h260-n-k-no,경기도 고양시 덕양구 용두동 432-183,음식점>한식>보리밥
종묘,4.4,"신전, 사적, 사원 및 음악",126.99398054890068,37.575861787723795,https://t0.gstatic.com/images?q=tbn:ANd9GcSNcwlGgg0qelLsdgcXQebRa5H0WnIIaoDiXBF_XkRTdBCIAwpqthFfewdUhqmZ5PR9LBNL_UudbfEOog,서울특별시 종로구 훈정동 1-2,"여행,명소>세계문화유산"
대한문,4.4,궁전,126.97654613114929,37.56509785704286,https://t3.gstatic.com/images?q=tbn:ANd9GcS3rbAvGJfRB9lrnwPCVp6q8uuhtHOcaWQtRtVEpl1SaUhrHX84MlOiy8aPAO943pu3bwuV3F6vOuB-vw,서울특별시 중구 정동,"문화,유적>부속시설"
선정릉,4.4,공원 & 묘지,127.04939408034524,37.50915609011406,https://t0.gstatic.com/images?q=tbn:ANd9GcRjR4g7r15F7_ARMwI8zSl0iGXk37D_I1t6ZJKziX2QFbjQmZieQANoxLnwIVsCadDL7yRu6Q_bnlpobg,서울특별시 강남구 삼성동 131,"여행,명소>세계문화유산"
명정전,4.7,궁전,126.99490305841736,37.57882505114874,https://t2.gstatic.com/images?q=tbn:ANd9GcRKuwYnQlEc7zKg4l3gNfv20XnmC9gnF6ZT3ZRiQ7LrXtuvmDISluKNPH5wR-F5_GmEdXYRkvvOazKzKw,서울특별시 종로구 와룡동 2-1,"여행,명소>국보"
홍화문,4.5,궁전,126.99639635566724,37.57890982263888,https://lh3.googleusercontent.com/-cAvPAJlL-Wg/WwFUfNmDlAI/AAAAAAAAEKU/NG3HbmXH9ZstYkgCgO7wmH7pzcFsGezyACLIBGAYYCw/w464-h260-n-k-no/,서울특별시 종로구 와룡동,"여행,명소>기념물"
희정당,3.5,궁전,126.99230835801615,37.579821135933955,https://lh3.googleusercontent.com/-l6m6eZdiSOc/Wf-108y9BeI/AAAAAAABag0/X1DBy7ERcTUjbtsdDHcb92MwVJKFHVmvwCLIBGAYYCw/w464-h260-n-k-no/,서울특별시 종로구 와룡동,"문화,유적>부속시설"
대조전,4.3,"궁전, 사적 및 건축",126.9924273040742,37.58023662869423,https://t1.gstatic.com/images?q=tbn:ANd9GcRa6hMC3G7ZVaX2YdtXxQooJHQU72VmK-tzxr66c13viId6hzudGCthrNiN9BkNAvJsDz3e9oIrShmJcw,서울특별시 종로구 와룡동,"문화,유적>부속시설"
아차산성,4.3,"유적, 성, 역사 및 사적",127.10458052171057,37.554648478902,https://lh4.googleusercontent.com/-jEMj90X78LU/XZmOotUM2TI/AAAAAAACBdw/ibH8tKTRV_Y8_MSGExIKM2R-NMMaelAxACLIBGAYYCw/w464-h260-n-k-no/,서울특별시 광진구 광장동,"여행,명소>문화재"
서울 사직단,4.2,사적,126.96769518385494,37.575716248363065,https://t3.gstatic.com/images?q=tbn:ANd9GcRiMXaLRgWy3jHcv99oTXs-YGaYvYi62OqkSQq6X142k9-aX8MXLKOr5mr-R_GwiiABLy2AgfHYcbT1bw,서울특별시 종로구 사직동,"여행,명소>문화재"
의릉,4.4,무덤 및 사적,127.60301589734368,37.30786666223904,https://t0.gstatic.com/images?q=tbn:ANd9GcSII6xmbp24LFKWdn5GCoZl_THx6GZmou8UKq0O66oi5wK6Hx4-EJT90hrlNe0YCUHW6cphWgO5MGipkw,경기도 여주시 능서면 번도리 885,"여행,명소>릉,묘,총"
정릉,4.4,무덤 및 사적,127.00670762293475,37.60128865767114,https://t0.gstatic.com/images?q=tbn:ANd9GcT4To-BQxyazBAIOjCgOFQzGyO3r4U6G1ljTUEKIqF8vEPxXpMUBlB0k7jeLro_UBhHm4UulFOh7fcT3Q,서울특별시 성북구 정릉동 508,"여행,명소>유적지,사적지"
연경당,4.6,궁전,126.98187775983352,37.57257748980601,https://lh4.googleusercontent.com/-oeECH0tWTTU/XRjME_PB8iI/AAAAAAAAJnc/F99-Yt3i224fF4VC4_mMy2lbx6tvxqvWQCLIBGAYYCw/w464-h260-n-k-no/,서울특별시 종로구 수송동 58,건설업>전문건설업
독립문,4.4,"공원, 역사 및 사적",126.95957757530576,37.57249143741361,https://lh3.googleusercontent.com/-YYhsJBB_nas/XCTOHmhi3vI/AAAAAAAAGSE/UZQAsTcNyTQyxA4hT82mwaTjTqqHym9eACLIBGAYYCw/w464-h260-n-k-no/,서울특별시 서대문구 현저동 941,"여행,명소>기념물"
창덕궁 부용정,3,궁전 및 단풍,126.99298610230883,37.581619983008515,https://lh3.googleusercontent.com/-ttxaT5LXNcY/XM-jlcy_85I/AAAAAAAAUmo/_hSwmtAT31wWaAMm800CS9jHvehNe9utgCLIBGAYYCw/w464-h260-n-k-no/,서울특별시 종로구 와룡동,"문화,유적>부속시설"
한성백제박물관,4.3,"박물관, 유적 및 역사",127.1207925512031,37.51562824381324,https://lh4.googleusercontent.com/-EPKmheSDlKY/XawkUA0j22I/AAAAAAABRMI/_a-2lnnnKRAVmQQu4vug3FbKU_AOSSA7wCLIBGAYYCw/w464-h260-n-k-no/,서울특별시 송파구 방이동 88-20,"여행,명소>박물관"
장릉,4.4,"무덤, 사적 및 역사",128.45299539048156,37.197448689876325,https://t0.gstatic.com/images?q=tbn:ANd9GcRRr-9Bu7rY5iTmHxb2oAwpZD95r1p2OGZrFxeloyMGrcxPMl4HxS2-LQuCPK4ly1o483xgN-GUSSQ-aA,강원도 영월군 영월읍 영흥리 133-1,"여행,명소>세계문화유산"
창덕궁,4.6,조선 왕조의 궁전 & 정원,126.99196437644056,37.58266549132441,//www.google.com/maps/vt/data=roDhNEI6BtsTI5K9BaMY9zX5GQ_-nIVvYbMOzx4_IY8dm3sDG6oriuPgZYe9UL5DoxeQN3uPMZ1NMv8e5NVeTg3IixkFg9rdNA,서울특별시 종로구 와룡동 2-71,"여행,명소>세계문화유산"
건원릉,4.5,역사적 장소,127.13124054774678,37.62532736310381,https://lh3.googleusercontent.com/-TRmBG0F3FaE/XZ4l1QBNCNI/AAAAAAAAMTc/IbAj_Zo3IqU4tqdF3Dc5PIcOpQS-raNBACLIBGAYYCw/w464-h260-n-k-no/,경기도 구리시 인창동 산4-1,"여행,명소>세계문화유산"
서울 석촌동 고분군,4.2,"무덤, 사적, 역사 및 유적",127.10232172457683,37.50224395552227,https://lh3.googleusercontent.com/-xeFIUj8dinY/W8crYk76hTI/AAAAAAAAOqw/jHk3gbJuXn8fFqrOPRmY9aQRne0mud3vACLIBGAYYCw/w464-h260-n-k-no/,서울특별시 송파구 석촌동,"여행,명소>문화재"
덕수궁 함녕전,4.1,궁전,126.9759451534822,37.56600270475174,https://lh4.googleusercontent.com/-Zss7HRuy080/VzcNUF2XwmI/AAAAAAAIOv8/S2JbMucfdKoEzsodhvme7Rd1XIIfRWU5wCLIBGAYYCw/w464-h260-n-k-no/,서울특별시 중구 정동,"문화,유적>부속시설"
숭정전,3,역사적 장소,126.96808180603861,37.57148473609817,https://t0.gstatic.com/images?q=tbn:ANd9GcS96RBEVErEmmfFUgXBtpUD93YywI-M0Z471zhdqTwQlyPbCpe5VHSV-VROqtmuE2iQVGc_vptGgF7M9g,서울특별시 종로구 신문로2가,"문화,유적>부속시설"
광희문,4.1,역사,127.01003796518411,37.56440993464469,https://lh6.googleusercontent.com/-CY-EAt0jymA/Wycc_ezD6gI/AAAAAAAAeMM/p3u70ulPsuQAxuIQ_1MTcCL-z9b54rCHwCLIBGAYYCw/w464-h260-n-k-no/,서울특별시 중구 광희동2가,"여행,명소>문화재"
창릉,4.4,문화 유산 보존,126.88666218456763,37.64554928280482,https://lh5.googleusercontent.com/-SPnAO9JKRBA/WYck7nlT86I/AAAAAAAAHPU/oxTgfbw5q9Eq2tN5wJw-GTqPqPoFgz-zwCLIBGAYYCw/w464-h260-n-k-no/,경기도 고양시 덕양구 동산동 360,"공공,사회기관>행정복지센터"
경교장,4.4,역사,126.9680786134816,37.56843018068249,https://t3.gstatic.com/images?q=tbn:ANd9GcQ7nSYjHHvRJRcff-3UX-ooAgJSqpQeA-gLh6EF2E4ZWP9vVwTF8_pCDUC9ZWlX5IkrdUP7Jo6D3G6KfQ,서울특별시 종로구 평동,"여행,명소>문화재"
보신각,4.2,사적 및 역사,126.9835675339429,37.56985286545439,https://lh6.googleusercontent.com/-wq86kILGATg/XPN3jLIJ_ZI/AAAAAAABR7o/6zJqQzcNITwYvf9ma3CYQTU6fbs6ToK0QCLIBGAYYCw/w464-h260-n-k-no/,서울특별시 종로구 관철동 45-5,"여행,명소>기념물"
통명전,4.3,관광 명소,126.99373532361828,37.57978824035242,https://t0.gstatic.com/images?q=tbn:ANd9GcRrsOLD89LMJ0WGKFvSjjkkXpuUGIagYR5TBw6v-j9QEjBshOOh2sCp_lOrjKNhaeYEPbAeYIeY56y0PA,서울특별시 종로구 와룡동,"문화,유적>부속시설"
현릉,4.3,역사적 명소,127.13199836235101,37.62250365460035,https://lh4.googleusercontent.com/-7b0PrpX5v6o/XByV0aZS-TI/AAAAAAADPVY/nR3Q1XBCYbAgpoaYq8zLaeQjXLwRqyBmACLIBGAYYCw/w464-h260-n-k-no/,경기도 구리시 인창동 산6-3,"여행,명소>세계문화유산"
인정문,4.3,궁전,126.99118883048952,37.578883514405746,https://t3.gstatic.com/images?q=tbn:ANd9GcRwY3nmsJS6BEhSParwruEUOJh0B2mDn-ZLMcfMnttc-R9S32nDxmcFsCkdGLYDFRZsIekAQGOJhpoIbQ,서울특별시 종로구 와룡동,"여행,명소>기념물"
서울 문묘,4.2,"신전, 사적 및 역사",126.99591939503789,37.58577170257023,https://lh3.googleusercontent.com/-fJBXpuUY4S8/XX4GnFqfZCI/AAAAAAAANEo/c1i76D9kwg8ISEIDjtXhEuj6FTAsLkrqQCLIBGAYYCw/w464-h260-n-k-no/,서울특별시 종로구 명륜3가,"여행,명소>기념물"
태강릉,4.6,"영묘, 단풍, 무덤 및 사적",127.09694830530147,37.6347474706231,https://lh3.googleusercontent.com/-llETew_ixg8/W_RU6WbWjcI/AAAAAAAApm4/RqcNnYZ4iTQGYqKZ8MD8qlKE89B4jMbUgCLIBGAYYCw/w464-h260-n-k-no/,서울특별시 노원구 공릉동 26-103,"여행,명소>세계문화유산"
건춘문,4.2,궁전 및 역사,126.97933330604704,37.5781960612023,https://lh5.googleusercontent.com/-IgmGbdmv4S0/WB_aAopInqI/AAAAAAAAk4I/FJ0-8v_JAVU2xY5XRIIC7Tp4NtyJ5cWdwCLIBGAYYCw/w464-h260-n-k-no/,서울특별시 종로구 세종로,"여행,명소>기념물"
광통교,4.5,사적 및 역사,126.98102015614191,37.5690470283395,https://lh4.googleusercontent.com/-Uzx33bZQHuM/Wo-pTiVqEMI/AAAAAAAANZc/D2Hc8a8RsCAL8bxF9h5nEg7h6vomOTQ5gCLIBGAYYCw/w464-h260-n-k-no/,서울특별시 종로구 서린동,"교통,운수>도로시설"
행주산성,4.2,역사,126.82555084803064,37.59802319136315,https://lh4.googleusercontent.com/-GD7mOX2nchY/V49N-LqSPII/AAAAAAAAOpA/mvaJl-bbu2AkhH-spzO5rOUouyXfkrR8QCJkC/w464-h260-n-k-no/,경기도 고양시 덕양구 행주내동 산26-1,"여행,명소>성곽명"
고구려대장간마을,4.0,"드라마, 유적 및 역사",127.11089249008856,37.560661070616874,https://lh6.googleusercontent.com/-u1xcUzBNM-0/XRxug4kvegI/AAAAAAAAALU/XDyvUjnMtNUNdqKOHEjbCnB0frpegl8WACLIBGAYYCw/w464-h260-n-k-no/,경기도 구리시 아천동 316-47,"여행,명소>촬영장소"
동십자각,4.2,궁전 및 역사,126.97948496443749,37.57620607154169,https://lh4.googleusercontent.com/-7L6hiWFXAHY/XYB6OjA3FFI/AAAAAAAApgw/Tdpg8Y6Ju5orDrBm5zf4bxDHCoUgjhpwACLIBGAYYCw/w464-h260-n-k-no/,서울특별시 종로구 세종로 1-58,"문화,유적>부속시설"
정동제일교회,4.6,"교회당, 기독교, 사적, 고딕 건축 및 역사",126.97243089169658,37.56555773034408,https://lh3.googleusercontent.com/-vgTLUHn2UHE/XMa-fXKBLvI/AAAAAAAAQx8/iPytr9h5LLAsRVOWo8qh-LhHtfqiN6HHQCLIBGAYYCw/w464-h260-n-k-no/,서울특별시 중구 정동 34-3,종교>개신교
경릉,5.0,고분/왕릉,126.89492848049737,37.629849964216604,https://lh4.googleusercontent.com/-xSXGhbOIEHk/WxUZwxrECxI/AAAAAAAADa0/9C45YHMPH_Qj-a-UScz7TT6yhrd3YjrwwCLIBGAYYCw/w464-h260-n-k-no/,경기도 고양시 덕양구 용두동 산30-1,"여행,명소>세계문화유산"
홍유릉,4.4,"무덤, 사적, 영묘 및 역사",127.20890950333148,37.63178361670429,https://t2.gstatic.com/images?q=tbn:ANd9GcQbV4fap9N2F6JqWJlN81WuHIm6ZJafQ89Hrx-SNwBZC2Jn-tSPEKDNl4JnN000o79RTBqLWdzPRsBECw,경기도 남양주시 금곡동 141-1,"여행,명소>세계문화유산"
약현성당,4.5,교회당 및 대성당,126.96751510183961,37.55921661656372,https://lh5.googleusercontent.com/--3-R0f6FCCY/XVQGLMwte3I/AAAAAAAAPoY/SUHYjOBt9Kw5QNXAUcjvy0zZ56gMv1fIQCLIBGAYYCw/w464-h260-n-k-no/,서울특별시 중구 중림동 149-2,종교>천주교
고강선사유적공원,4.0,유적,126.8185900517187,37.52460093919043,https://lh5.googleusercontent.com/-C5AxIoQDsSg/XIj-_4xhX8I/AAAAAAACqQU/0U25-CnqRKcoWAAkTYSx4CiIcrE7ifVLACLIBGAYYCw/w464-h260-n-k-no/,경기도 부천시 고강동 산90,"여행,명소>근린공원"
몽촌역사관,4.1,유적 및 역사,127.1243945569295,37.523944699723856,https://lh6.googleusercontent.com/-MFVObCrSgAI/WwKf3FTLHAI/AAAAAAAACD4/ViH_R3qUzU8xrW7P9vf3vQsyixsy0y_0gCLIBGAYYCw/w464-h260-n-k-no/,서울특별시 송파구 방이동 88-3,"여행,명소>박물관"
서울 방이동 고분군,4.0,"무덤, 사적 및 유적",127.11789315269868,37.50822698222343,https://lh5.googleusercontent.com/-VhJyB03roxw/XHILjt1R7oI/AAAAAAACtbo/D9tNrQtmzRsWUd3BxrotMV5CgeE4qqvaQCLIBGAYYCw/w464-h260-n-k-no/,서울특별시 송파구 방이동,"여행,명소>문화재"
세종대왕 동상,4.6,기념건축물,126.97693693976385,37.57294931009393,//www.google.com/maps/vt/data=ztCPVztDFUhaYKz4QhJRop_ayFqh_Kni-29L3G3mZPh-gKmztCvxBJ5s_xM-qT96eDzY7bC7b9bqh1EFvwVCFJ6HOtI3cduqPg,서울특별시 종로구 세종로 ,"여행,명소>기념물"
서울 선잠단지,3.7,사적 및 역사,126.99948390285391,37.593550872493786,https://lh4.googleusercontent.com/-Oe76bTB7ONQ/WPIOlRE1_CI/AAAAAAAB4bs/Aip-K78b6PUfoirqOU7JJdA0_BnfxF55QCLIB/w464-h260-n-k-no/,서울특별시 성북구 성북동 64-1,"여행,명소>유적지,사적지"
하남 이성산성,4.2,역사적 장소,127.18922761908271,37.52321740670229,https://lh6.googleusercontent.com/-NDG7e1sCiSg/WZpU8tprLYI/AAAAAAAAFTk/NYmu9ZXruEMqX3jjQvKKLCGzV1teR0XKACLIBGAYYCw/w464-h260-n-k-no/,경기도 하남시 춘궁동,도로시설>방면정보
검단선사박물관,4.0,박물관 및 선사 시대,126.69871420486066,37.59447778518799,https://lh3.googleusercontent.com/proxy/TGtf26WOu1yTQmdjRLMlmCuHfOLf--DR8gb9QHtikF9Mu7N9Paz6vLysFFI5Er38VphJfzInehAzoJ12M9vwBCuMJV4kYt3YYEDiJWMQtHIoXF9F7Pk7WmSqyazOC-fFGy6oH4GzOslksWPrjS6SqctfZHQ=w464-h260-n-k-no,인천광역시 서구 원당동 824-11,"여행,명소>박물관"
홍지문 및 탕춘대성,3.9,역사적 장소,126.95660589540745,37.59889267014515,https://lh5.googleusercontent.com/-rAzRH4p_ddI/W73r3aLHyXI/AAAAAAAADW0/jhlXOM4b-twmRNjbtrghZsOfTaprlbG5wCLIBGAYYCw/w464-h260-n-k-no/,서울특별시 서대문구 홍제동 산4-5,"여행,명소>성곽문"
창덕궁 향나무,5.0,기념건축물,126.98956384577652,37.579329165484054,https://lh6.googleusercontent.com/-ChWhsD-0FUw/XcwFYotvM3I/AAAAAAAAmto/PsKRwN4qd-AyHjm2AwN6bwaQW9cteiiCACLIBGAYYCw/w464-h260-n-k-no/,서울특별시 종로구 와룡동,"여행,명소>기념물"
영신군 이이묘,3.7,역사적 장소,126.72058736391008,37.53442035764087,https://lh3.googleusercontent.com/-zUMv0Vr3uvI/XLvlPfL9ykI/AAAAAAAA3e8/4u2CcpHYpMQVyaBPBkSjtVs0rd06ypXnACLIBGAYYCw/w464-h260-n-k-no/,인천광역시 계양구 작전동,"여행,명소>릉,묘,총"
북한산 신라 진흥왕 순수비,4.3,기념건축물,126.95622227306524,37.625568881685176,https://lh3.googleusercontent.com/-MiiXbr85gXk/XH-lkvN4IqI/AAAAAAAAwok/biXbZP7rYbo5GOJ5SqKNscCpLSDMvi6JwCLIBGAYYCw/w464-h260-n-k-no/,서울특별시 종로구 구기동,"여행,명소>문화재"
동대문,4.2,성곽의 유서 깊은 문,127.00982378862696,37.5711930015918,https://t1.gstatic.com/images?q=tbn:ANd9GcRwUh3-pDPtAe25xVnL7Asx4E9W1uHiJM4AytVPyYR2LZi6FOuckUsfCAkP6wVbr6YFL3U3lF9okVElgQ,서울특별시 종로구 종로6가 69,"여행,명소>기념물"
행주대첩비,4.0,역사적 장소,126.82593937689096,37.599964256662524,https://lh4.googleusercontent.com/-kav-3QBc2pg/WnJtQUIq-SI/AAAAAAAAAMc/jBa6VHzw8Zsr6gHwOKUzkqV6REMdLPrdQCLIBGAYYCw/w464-h260-n-k-no/,경기도 고양시 덕양구 행주내동,"여행,명소>기념물"
서울 문묘 은행나무,4.4,기념건축물,126.99591939503789,37.58577170257023,https://t1.gstatic.com/images?q=tbn:ANd9GcR1Ipi29-MoeUmwfDQHSjV5w8_JXOERIpCjbuJFEAyS8fBxMh5_RMlmrgvQVZN6-1eBXH8EqipDaLk6hQ,서울특별시 종로구 명륜3가,"여행,명소>기념물"
탑골공원,3.7,공원 및 역사,126.98831692233219,37.57106496172763,https://lh5.googleusercontent.com/-iFVVdfEOxgM/WpJgGccI3mI/AAAAAAAAXIY/xcPMGsSLYyIQ5lWjnVSDgxb3VUolV2Q4wCLIBGAYYCw/w464-h260-n-k-no/,서울특별시 종로구 종로2가 38-1,"여행,명소>도시,테마공원"
성균관 명륜당,4.4,역사적 장소,126.99582241936008,37.58624843002331,https://lh3.googleusercontent.com/proxy/iuf26PF21RLflMWYvyQj3WFsIGZamsgG7TUQxSzSflqZb2j6JXOpH1bGpAl1kzeAeo17HkJzznWCn93_scAqSc_aPlj48S19pLRnr-NeCyiZn-vrLF3Lto3bimXYooAefrkrNLaMcpQIdZDeGQmqUebCXEE=w464-h260-n-k-no,서울특별시 종로구 명륜3가 53,대학교>부속건물
월드컵공원,4.4,공원,126.87894021186511,37.57186225448272,https://lh6.googleusercontent.com/proxy/2s_YmW7sm7uxOO8NFvZPVENgvKK4VczhtTs960ifbksbRqh6x7Wa9A8ghyLXOpFf0VGxND2CSyIUrEiiLRoWY6KgygQOXcF8YYO3eW43Uu47tqIrThDGpx8DkMA24BAUQB-20qu2K4yJIwgSUygf5AskHus=w464-h260-n-k-no,서울특별시 마포구 상암동 481-6,"여행,명소>테마공원"
원마운트,3.8,겨울과 여름 액티비티를 모두 즐길 수 있는 테마파크,126.754559310362,37.66463799783049,https://lh5.googleusercontent.com/proxy/vi4GwRLjdi5ytVi66tmMwsE52SvbHsFpr9Yt7SHJOlAZtjd3EAMenN3dihhcsdKEha4fR7JRJbcTVfHwTMpF69n4WrwB-ufRG4AWEr-7vo4zCqJ-ytPmSRaoc4xLWvjeLSQ7M6llGx21aMREKFF1Mmq0zFE=w464-h260-n-k-no,경기도 고양시 일산서구 대화동 2606,"여행,명소>테마파크"
국회의사당,3.4,건축,126.91422635749672,37.53197829466348,https://lh5.googleusercontent.com/proxy/kxL7ktpWLRKXQIJZjNCnXJ5LvmoTQPgPUnTvuhscTWCugZ8WdsBVDizVsTwBDz78D4a59PP0h7Ddy9TXJF3UEaS2xrplCKcPmPeyl9-eEZ3cMZ24MZKQRkNeFH2uX1Z108XT6l2q8GShPvs8Q0HXJF3tzHRoYdo=w464-h260-n-k-no,서울특별시 영등포구 여의도동 1,"공공,사회기관>중앙행정기관"
키자니아 서울,4.3,쇼핑,127.09659570376749,37.51096767368558,https://lh4.googleusercontent.com/-cAoIKLW_PCU/XaBii7ApIGI/AAAAAAAAIVs/YNSRCEZDvAIuR0MzlKHTp55AOTT9qLU8gCLIBGAYYCw/w464-h260-n-k-no/,서울특별시 송파구 잠실동 40-1,"여행,명소>체험,홍보관"
서울역사박물관,4.4,박물관 및 역사,126.97046543049514,37.5701990116095,https://lh5.googleusercontent.com/-jiok7MZEM2k/WcL-v3-TzZI/AAAAAAAAHYg/LpRghJ18BWsfzLgug9RyzbUqiXu57FhJgCLIBGAYYCw/w464-h260-n-k-no/,서울특별시 종로구 신문로2가 2-1,"여행,명소>박물관"
대림미술관,4.2,"미술관, 박물관 및 예술",126.97338651667172,37.5775949268212,https://lh3.googleusercontent.com/-SiYH5scLILU/WVt_8aSOUsI/AAAAAAABp5k/IwnKrpulW7MbCmPiUS6YdTTL6tCpyPWvACLIBGAYYCw/w464-h260-n-k-no/,서울특별시 종로구 통의동 35-1,"문화,예술>미술관"
박물관은살아있다 인사동점,4.2,"박물관, 예술 및 미술관",126.98720777272536,37.57188442250556,https://lh6.googleusercontent.com/-S07lICzZkxI/XKaGWbWfkmI/AAAAAAABFU0/KZeyWA1xlN0J3nYiaAOPb9aN2OmGN4L_gCLIBGAYYCw/w464-h260-n-k-no/,서울특별시 종로구 인사동 43,"여행,명소>테마파크"
뮤지엄김치간,4.1,박물관,126.98482970862754,37.57361204418864,https://lh4.googleusercontent.com/-77e-6fvfOes/V_i8l839dtI/AAAAAAAAxrM/2vgWoPkGe4ssnJy29vSw6r7gLRUOgmV_wCLIB/w464-h260-n-k-no/,서울특별시 종로구 관훈동 196-10,"여행,명소>박물관"
대한민국역사박물관,4.4,박물관 및 역사,126.97783977758027,37.5739843070392,https://lh3.googleusercontent.com/-rupiVxP9K-U/WVCdV94m5CI/AAAAAAAAA2E/Bds4hBod594PSpMHYYyqVNLmaj02iTCvACLIBGAYYCw/w464-h260-n-k-no/,서울특별시 종로구 세종로 82-1,"여행,명소>박물관"
러브뮤지엄 Love Museum,4.5,박물관 및 미술관,126.9218219006548,37.553753878551,https://lh5.googleusercontent.com/-4eGaoat5yGc/VmZ5UakFjQI/AAAAAAAAAG8/6Xf9LxVqOJQKSF2fHa93ctcqPHGgUU1pQCLIBGAYYCw/w464-h260-n-k-no/,서울특별시 마포구 서교동 357-1,"문화,예술>미술관"
롯데월드 민속박물관,4.1,문화 및 역사 전시관,127.09667314086401,37.511112434345975,https://lh6.googleusercontent.com/-1PdFzpiFjes/XXzPTW_ke3I/AAAAAAAAv34/QnkDxjQ8ucQ4z6445TAzTwgKqNrgq20mwCLIBGAYYCw/w464-h260-n-k-no/,서울특별시 송파구 잠실동 40-1,"여행,명소>박물관"
한국가구박물관,4.6,박물관,126.99305679076566,37.5999297034998,https://lh3.googleusercontent.com/--alvltDLfyM/XMVsijnjU1I/AAAAAAABLEE/3XT5BdG6MOgzMaYScwoLCxXrRJUyU5MCgCLIBGAYYCw/w464-h260-n-k-no/,서울특별시 성북구 성북동 330-577,"여행,명소>박물관"
국립한글박물관,4.5,박물관,126.98094571368026,37.52124593825707,https://lh3.googleusercontent.com/-vL3S0NInztA/WZVv5YrqqPI/AAAAAAADZaM/ZCESo3yZSHIDKYVEBrZFzaFxhoLdNcRaQCLIBGAYYCw/w464-h260-n-k-no/,서울특별시 용산구 용산동6가 412-6,"여행,명소>박물관"
한국은행 화폐박물관,4.4,박물관,126.98054839721908,37.5621229572483,https://lh3.googleusercontent.com/-6WioJOh4iv0/WVBXJrA-QgI/AAAAAAADO6A/37jGHmWE_5sfPX0BeiTWbahhYwzpTbyuACLIBGAYYCw/w464-h260-n-k-no/,서울특별시 중구 남대문로3가 110,"여행,명소>박물관"
청계천박물관,4.2,박물관,127.03495376237902,37.5712836811105,https://lh4.googleusercontent.com/-gqyQsnmPS0E/W_N5oHYtBqI/AAAAAAABydQ/n5FNzmMtt0YdeieQnppGraTIcQeDDZgZQCLIBGAYYCw/w464-h260-n-k-no/,서울특별시 성동구 마장동 527-4,"여행,명소>박물관"
코엑스 아쿠아리움,4.3,"펭귄, 해양 포유류, 토종 물고기",127.05841191476581,37.513427134633346,https://lh3.googleusercontent.com/-3FDECTppu5A/XGEhvLHH0oI/AAAAAAAADWw/xCVEeIJkKBkyUX4L0ddK0nbBk1x6k_ihQCLIBGAYYCw/w464-h260-n-k-no/,서울특별시 강남구 삼성동 159,"관람,체험>아쿠아리움"
서대문형무소역사관,4.6,역사 및 박물관,126.95625747734675,37.574345339457174,https://t0.gstatic.com/images?q=tbn:ANd9GcR7l5a_N9_pDrIbtgq5pE5kxgetE6rg7k1HMrJHjjydZNGfBWjIrfqQqxJ6ZMRqWjMFKT83lpQPrRKmXw,서울특별시 서대문구 현저동 101,"여행,명소>박물관"
서대문자연사박물관,4.2,공룡이 있는 자연사 박물관,126.93763639760795,37.57663026509236,https://lh6.googleusercontent.com/-VOkwOKtNBr8/Wq77iJUYOSI/AAAAAAAA0mI/tW8nrI5e5-AroGBptXrGoLtm59clj6MugCLIBGAYYCw/w464-h260-n-k-no/,서울특별시 서대문구 연희동 141-52,"여행,명소>박물관"
한양도성박물관,4.2,박물관,127.00857783383944,37.57295761387261,https://lh4.googleusercontent.com/-dmgm3NmcUdk/WyBi5jN3zKI/AAAAAAAAnqI/4yvOyN5g2NA0nGSHNEKaVKYHHSxva5Y4ACLIBGAYYCw/w464-h260-n-k-no/,서울특별시 종로구 종로6가 70,"여행,명소>박물관"
농업박물관,4.1,박물관,126.9683487168611,37.56690076866369,https://lh3.googleusercontent.com/-jvJgcJij2tM/WjCfUXs6FoI/AAAAAAAD3rU/zMgkZDVRHq8OVBveiyKQWNUfjhGTSmeRACLIBGAYYCw/w464-h260-n-k-no/,서울특별시 중구 충정로1가 75-1,"여행,명소>박물관"
쇳대박물관,2.0,박물관,127.00823399750507,37.5775500473659,https://lh3.googleusercontent.com/-7jn2T60xopc/WPBgfykTMxI/AAAAAAAAEQo/HmiTnfxwFT8R7br3HTE9fFmHcOvxVJWvACLIB/w464-h260-n-k-no/,서울특별시 종로구 이화동 9-620,"여행,명소>박물관"
호림박물관,4.1,"박물관, 예술 및 미술관",126.91824183651102,37.48104291444045,https://lh6.googleusercontent.com/-YZU7bfkIQb0/XNK0E4rnT6I/AAAAAAAAH-0/4uvSrDO2UjYDVu25G-PaRx7rgJJBaxWFwCLIBGAYYCw/w464-h260-n-k-no/,서울특별시 관악구 신림동 1707,"여행,명소>박물관"
허준박물관,4.1,박물관,126.85110767001974,37.567909759620996,https://lh5.googleusercontent.com/-G4hl1eyBs9M/XVd8dhW6oSI/AAAAAAAAK7c/i_SBRjX53r4mipjaXbTzonQRgrL0od5hACLIBGAYYCw/w464-h260-n-k-no/,서울특별시 강서구 가양동 26-5,"여행,명소>박물관"
돈의문박물관마을,4.3,박물관,126.96881893673358,37.56892320308674,https://lh5.googleusercontent.com/-scz08Di8vOg/XTpuY4e9YoI/AAAAAAAAgPQ/SgKZkM6i46Iri1fRQTlPEd4u5bv817yPwCLIBGAYYCw/w464-h260-n-k-no/,서울특별시 종로구 신문로2가 7-24,"여행,명소>체험마을"
국립민속박물관 어린이박물관,4.3,박물관 및 어린이 박물관,126.97888758591996,37.58182340225187,https://lh3.googleusercontent.com/-vVjTqjhGowo/XQiiaMkOMII/AAAAAAAADaU/y7CzCXnELxcIw7hC7TI-xfPTEjvlBSyEwCLIBGAYYCw/w464-h260-n-k-no/,서울특별시 종로구 세종로 1-1,"여행,명소>박물관"
피규어뮤지엄w,4.2,액션 피규어와 장난감이 전시되어 있는 현대식 박물관,127.04037986029356,37.52591498619372,https://lh4.googleusercontent.com/-zJs0kvYFr4o/Xc4n_meTWGI/AAAAAAABgqM/iAl-xUlwwaAqRWTvnwvOPh4rGv_RUn8QQCLIBGAYYCw/w464-h260-n-k-no/,서울특별시 강남구 청담동 84-9,"여행,명소>박물관"
떡박물관,3.8,박물관,126.99070863967702,37.575031969385144,https://lh3.googleusercontent.com/-SyRyj77ix_8/WuPasleKDyI/AAAAAAAAQi8/FFYlZ6vBCXkCR7jX-3IsQdy56pvf6FN0QCLIBGAYYCw/w464-h260-n-k-no/,서울특별시 종로구 와룡동 164-2 인산빌딩,"여행,명소>박물관"
국립중앙박물관,4.6,어린이 박물관 및 미술관,126.98041989725186,37.5241427824613,https://lh4.googleusercontent.com/proxy/Q6bNI6adRKwOGZmhx6zFKjRSstTr87yew3xnA7IPAap1nUBJIjK6MnR9Qs7Mf4E2DtYT2A8EugunR1l05WB56p09PzyNFb-IIg8kl3QyfndBLRpxfLWns_YlEmv7djF96oi-7XlTUo2bSUupwIO_dZ2QaOo=w464-h260-n-k-no,서울특별시 용산구 용산동6가 168-6,"여행,명소>박물관"
시몬느 핸드백 박물관,4.1,박물관,127.02306790602663,37.519141511688105,https://lh3.googleusercontent.com/-7DL3IJJ7nuM/W8xjYo6xuFI/AAAAAAAAG3Q/idnbqwYAhEYEn_oK_i_dtn0T7DF1Ht0dACLIBGAYYCw/w464-h260-n-k-no/,서울특별시 강남구 신사동 536-17,"여행,명소>박물관"
전쟁과여성인권박물관,4.7,박물관 및 역사,126.91489329467922,37.560159941120574,https://lh6.googleusercontent.com/-xAIa0YhBw2w/XVKbefm9ZEI/AAAAAAACRFY/d8CLy90HHws3ODYSHeSjwTQ1vItS9tLJwCLIBGAYYCw/w464-h260-n-k-no/,서울특별시 마포구 성산동 39-13,"여행,명소>박물관"
석파정,4.4,미술관 및 예술,126.96330710507976,37.59501411807876,https://lh5.googleusercontent.com/-hxKM6h5iDsk/WZm592JRK6I/AAAAAAABv5M/dtkgNl1FmuwXYEKTLdN5ZEpqzSbh176gACLIBGAYYCw/w464-h260-n-k-no/,서울특별시 종로구 부암동 201,"문화,예술>미술관"
경찰박물관,4.1,박물관,126.96965465289101,37.569065646464594,https://lh5.googleusercontent.com/-DJe7VDJSsSk/WVbXI41mvtI/AAAAAAAAZ1s/5CbDVL1_UEocuu1NKV0p_681lz7Iq1DZgCLIBGAYYCw/w464-h260-n-k-no/,서울특별시 종로구 신문로2가 58,"여행,명소>박물관"
은평 역사한옥 박물관,3.9,박물관,126.93814772912287,37.64031083504935,https://lh5.googleusercontent.com/-M4_8_iblGAM/WuTwzrTd9RI/AAAAAAAARdI/IE2pq9YaHvcUTfuEYU0hYEScIytmozSJQCLIBGAYYCw/w464-h260-n-k-no/,서울특별시 은평구 진관동 135-5,"여행,명소>박물관"
가회동 백인제 가옥,4.5,박물관 및 건축,126.98418725699872,37.58091396481192,https://lh3.googleusercontent.com/-ph462zosGyI/Wb4UH15ZHvI/AAAAAAAAG5U/UX5ACp3XuqsC2qCu1qhC_E9U2iJ7Aj5BgCLIBGAYYCw/w464-h260-n-k-no/,서울특별시 종로구 가회동 93-1,"여행,명소>문화,유적"
서울약령시한의약박물관,4.3,박물관,127.03769780782969,37.58062285072504,https://lh5.googleusercontent.com/-X9Bd17ZPSns/W0wvhxP7xmI/AAAAAAAArp8/lsGyLRvQYyciaT6LnGrm400Q9Cc1jcy5wCLIBGAYYCw/w464-h260-n-k-no/,서울특별시 동대문구 제기동 1082,"여행,명소>박물관"
부엉이박물관,3.8,박물관,126.98297014369655,37.58716572357737,https://lh4.googleusercontent.com/-yIN4aiimKQc/XQ8j7VFuF5I/AAAAAAAADtU/CRs1WL0OqwkH2gZNrN5qsbNgoZUIuYlqQCLIBGAYYCw/w464-h260-n-k-no/,서울특별시 종로구 삼청동 27-21,"여행,명소>박물관"
북촌생활사박물관,4.0,박물관,126.98303948364116,37.58456231665028,https://lh6.googleusercontent.com/-0z1gZKZUF2M/WzxzlzeFczI/AAAAAAAASX8/2VuFXUJP_Kc0Yfbkh6MXYnSFmL73sMUpQCLIBGAYYCw/w464-h260-n-k-no/,서울특별시 종로구 삼청동 35-177,"여행,명소>박물관"
충우곤충박물관,4.1,박물관,126.841824576793,37.53941859319928,https://lh5.googleusercontent.com/-ld6_-FIJRr0/VKJl6QDVHdI/AAAAAAAAACs/FUZgDXg0cRAlkqZvNYpiE3wNo1pkVAy4wCLIBGAYYCw/w464-h260-n-k-no/,서울특별시 강서구 화곡1동 401-11,"여행,명소>박물관"
서울특별시 수도박물관,4.1,박물관,127.04283286074607,37.53848651149653,https://lh4.googleusercontent.com/-P4DC2UwL5f8/XNK_1gF_6oI/AAAAAAAADAo/PnDlABYaE5IKsq4-_poj5FVQ5PKvohqqQCLIBGAYYCw/w464-h260-n-k-no/,서울특별시 성동구 성수동1가 642-1,"여행,명소>박물관"
한국미술박물관,4.5,"박물관, 불교, 예술 및 미술관",126.99128926810873,37.54284262686361,//www.google.com/maps/vt/data=aRyB3eeOoT_P9DUc4x9a8R-WRP-nFiblgaxQsUX5QmvesvnNCnkcoosPaaqoVIpy5aKdz-F2r7KxTZfiWkZSQuYPO-M6Qvfamw,서울특별시 용산구 이태원2동 260-19,"여행,명소>박물관"
활박물관,3.8,박물관,126.79753269808495,37.50083558776353,https://lh5.googleusercontent.com/-KzdnQimsNjo/XJjuFLkLoGI/AAAAAAAMwiU/0OipYLZyqlUJj4fdEvdcM6Zyg7FpZ9qLQCLIBGAYYCw/w464-h260-n-k-no/,경기도 부천시 춘의동 8,"여행,명소>박물관"
세계장신구박물관,3.6,박물관,126.98185303949973,37.58105606854339,https://lh6.googleusercontent.com/-nZXL06cH8TA/XNYIApGy7qI/AAAAAAABLD0/frreZowVYbI7JjIfhDrPMCWXqWVXvKSSACLIBGAYYCw/w464-h260-n-k-no/,서울특별시 종로구 화동 75-3,"여행,명소>박물관"
신문박물관,3.9,"박물관, 역사 및 예술",126.97770343151223,37.569874381046226,https://lh3.googleusercontent.com/-bg-zMQc3-zM/V6w8qjak3SI/AAAAAAAAQyM/nu2Uqhi9qXI1XxzBR2FKGRW34oyT32LugCLIB/w464-h260-n-k-no/,서울특별시 종로구 세종로 139-5,"여행,명소>박물관"
청암민속박물관,3.6,박물관,126.94682271600948,37.72251668905836,https://lh6.googleusercontent.com/-WNYvxMaHxl0/WuZ9tZW9LJI/AAAAAAAAABg/I2K6wCq62Cs9bPuwaHLzhfh6DtQzpw-tgCLIBGAYYCw/w464-h260-n-k-no/,경기도 양주시 장흥면 일영리 36-3,"여행,명소>박물관"
북촌동양문화박물관,4.3,"박물관, 예술 및 미술관",126.98362554004294,37.58392761955839,https://lh6.googleusercontent.com/-M1RzNvLrzps/Wuj6XAMnlkI/AAAAAAAAAaU/t1KJswVsgsIGjwOUw3t7R6GnrOvUO1ILgCLIBGAYYCw/w464-h260-n-k-no/,서울특별시 종로구 삼청동 35-91,"여행,명소>박물관"
한국만화박물관,4.2,박물관,126.74218933164677,37.50863046032585,https://lh5.googleusercontent.com/--bzmc3Yi4Co/Xa7IyVN4myI/AAAAAAACBf4/HfbkeGfvqj0ZO3Hg3jFGty58adaneyKNACLIBGAYYCw/w464-h260-n-k-no/,경기도 부천시 상동 529-36,"여행,명소>박물관"
둘리뮤지엄,4.1,박물관,127.02767305350056,37.65243462966636,//www.google.com/maps/vt/data=7UeUPMnurJ5gZnDTSN9rJ06YDYVSvxxnbYH3yHuVEZQpTZeIAMleY7utPeAb2S9hlUss6bBExbvTYom0qDvk5zhF63QTitZe9A,서울특별시 도봉구 쌍문동 산240-5,"여행,명소>박물관"
배재학당역사박물관,4.2,박물관 및 역사,126.9726438110473,37.56406385176009,https://lh3.googleusercontent.com/-LogmVSXrRTI/XcE-3OmaUFI/AAAAAAACfoM/hSVlyIZ1N18i8ZaZ5SXlmpd3HGw6yOjFgCLIBGAYYCw/w464-h260-n-k-no/,서울특별시 중구 정동 34-5,"여행,명소>박물관"
근현대디자인박물관,3.8,박물관,126.92998726874423,37.55337754613429,https://lh3.googleusercontent.com/proxy/rCQ5sO8aM8GBz3jmB7RoqZUEYylhgaRhiHjdlNKdNrMHgQsUWAN3A-4XLqVMobuyePm-xQmxvMeS9WQ5V66r7Jp9Llfaf9-MnnZLyGTf3LIRyhPzexfvaKFOVvzF8-Fx0d1nS8kWF81VxQ2Wln10qOzsbCSD9_D3CpM=w464-h260-n-k-no,서울특별시 마포구 창전동,도로시설>방면정보
판교박물관,4.1,"박물관, 역사 및 무덤",127.09569016441291,37.40102163549061,https://lh3.googleusercontent.com/-zvVAclIBtYM/W8M1Zvha5mI/AAAAAAACPU4/pxepwLwgZLMkrJAXPDK99eEiH7xJfK90QCLIBGAYYCw/w464-h260-n-k-no/,경기도 성남시 분당구 판교동 499 판교박물관,"여행,명소>박물관"
종이나라박물관,3.4,박물관 및 예술,127.00612665075253,37.55975475925978,https://lh3.googleusercontent.com/-v7i0uSrws8w/WMD--ItZ8yI/AAAAAAAAWEc/76YyUHfv-I0En2tnbQhQTEXqMPtSNkQmQCLIB/w464-h260-n-k-no/,서울특별시 중구 장충동1가 62-35 종이나라빌딩 2층,"여행,명소>박물관"
충현박물관,4.1,박물관 및 유적,126.87823441267349,37.43362645631156,https://lh5.googleusercontent.com/-AdNfL0DQthY/WpjCTSyiCiI/AAAAAAAAShE/5ULvgw8oNJoUewsYLPxBWMUYMs6gy6SeACLIBGAYYCw/w464-h260-n-k-no/,경기도 광명시 소하2동 1085-16,"여행,명소>박물관"
유럽자기박물관,3.6,박물관,126.79858382924212,37.50370255865489,https://lh6.googleusercontent.com/-EkVp11miwqg/W-Yqo7qegTI/AAAAAAAAFGg/JjvdQvNs-5cKYEH9ybBUhAn5K90aC_7AQCLIBGAYYCw/w464-h260-n-k-no/,경기도 부천시 춘의동 8,"여행,명소>박물관"
부천수석박물관,4.2,박물관,126.7982280596107,37.50190588014726,https://lh5.googleusercontent.com/-HatVGIGdPaE/XA3kXeVSeCI/AAAAAAAAA90/T1yXpbY_n_c72dC2ZKWEValGr3qEBuVUgCLIBGAYYCw/w464-h260-n-k-no/,경기도 부천시 춘의동 8,"여행,명소>박물관"
프라움 악기박물관,3.9,박물관 및 음악,127.22743073307879,37.56841795448057,https://lh5.googleusercontent.com/-0EQ-AFLYY0c/W88EoxTYmyI/AAAAAAAASeI/hky8E9sqWjUVmsclasiuitgIEkKeCscMwCLIBGAYYCw/w464-h260-n-k-no/,경기도 남양주시 와부읍 도곡리 504-41,"여행,명소>박물관"
화정박물관,4.2,"박물관, 불교 및 예술",126.96595808933019,37.60475952105051,https://lh6.googleusercontent.com/-aw6psaHaZL8/XS3QE97LQOI/AAAAAAAAC74/CudWDYy8mFMTS81RDdMcXCqq2K3nORL9gCLIBGAYYCw/w464-h260-n-k-no/,서울특별시 종로구 평창동 273-1,"여행,명소>박물관"
국악박물관,5.0,박물관 및 음악,127.704936009514,36.21018729054107,https://lh5.googleusercontent.com/-M24ug5mbBiQ/XahKmN0a1ZI/AAAAAAAAMQo/DvBmK7PaS68AXCE99k49JVFaPKeamfHXgCLIBGAYYCw/w464-h260-n-k-no/,충청북도 영동군 심천면 고당리 519-1,"여행,명소>박물관"
한화아쿠아플라넷 63,4.2,수족관,126.93980291763978,37.51953268398407,https://lh4.googleusercontent.com/-Hn1CuACN-Ns/Xdaa0_1rJxI/AAAAAAADxyo/Sw9175PtllQZw1UPQ9jd87GvngJduQoGgCLIBGAYYCw/w464-h260-n-k-no/,서울특별시 영등포구 여의도동 60,"관람,체험>아쿠아리움"
백범김구기념관,4.3,박물관,126.95923412848042,37.54424976880323,https://lh6.googleusercontent.com/-cB1IpJEoLbI/WiOC9xFSGcI/AAAAAAAAGh0/RAQ4S4YFrMIJUmLHo34vHjZYjWZHRMCUACLIBGAYYCw/w464-h260-n-k-no/,서울특별시 용산구 효창동 255,"여행,명소>기념관,생가"
미호 박물관,3.8,박물관,127.18062774360926,37.59275575482861,https://lh3.googleusercontent.com/-pC4wi5_ZARM/XMUmhry5EiI/AAAAAAAAA48/HhchhrW4TXwzAPnnLnjsHvNn4cQdqCR_QCLIBGAYYCw/w464-h260-n-k-no/,경기도 남양주시 수석동 3-1,"여행,명소>박물관"
짚풀생활사박물관,3.9,박물관 및 공예,127.0000176757865,37.58495946821524,https://lh6.googleusercontent.com/-y7EbT2sNV7k/XbP-9e4UVPI/AAAAAAAAFyo/Zrd0tojWQ3UxOVwNp-f44TCnPMZqeMUlQCLIBGAYYCw/w464-h260-n-k-no/,서울특별시 종로구 명륜2가 8-4 짚풀생활사박물관,"여행,명소>박물관"
종친부,3.4,기념건축물,126.98136269872612,37.57881726446422,https://lh5.googleusercontent.com/-63bSw8-ZUJI/W15sZ09PKSI/AAAAAAAAJY8/i4C_-AhascovR5cpNrVUq9FGkvZBJflAQCLIBGAYYCw/w464-h260-n-k-no/,서울특별시 종로구 소격동,"여행,명소>문화재"
다문화박물관,4.1,박물관,126.93256167544772,37.61889709046249,https://lh5.googleusercontent.com/-0X6Vqj70cKM/Xas2i96mY1I/AAAAAAAAWlA/OvQGmuaCx6oZn5OJ5ocvHXaSDSn1upT3QCLIBGAYYCw/w464-h260-n-k-no/,서울특별시 은평구 불광동 13-27,"여행,명소>박물관"
한국현대의상박물관,3.8,박물관,127.00556579718011,37.57557236913848,//www.google.com/maps/vt/data=ARgcDPMs3Fa7KaZKCJlFD9hOkTKqOpMHhJiGTtMr7OmCJ-AX-Nc22fPS6TVO0oQ3jWgC1S0AvJVY-SQ4ZLGHKBif0ufhGISJoQ,서울특별시 종로구 충신동 55-1 수진빌딩 9층,"여행,명소>박물관"
한국영화박물관,4.2,박물관,126.8899172512658,37.58050766157713,https://lh5.googleusercontent.com/-UqxWUgsqC-c/XcMnspuhG2I/AAAAAAADtok/8KjcMxMqMKkA0LutH4rPEmoBBZr0U-Y6ACLIBGAYYCw/w464-h260-n-k-no/,서울특별시 마포구 상암동 1602,"여행,명소>박물관"
우리은행 은행사박물관,3.9,박물관,126.98165095002393,37.55928516414444,https://lh5.googleusercontent.com/-BDKebWVtCAw/Xba9g67GaJI/AAAAAAAADeI/UB2Z0r58Szc66os7NmeYlKykiJmQ5S5WwCLIBGAYYCw/w464-h260-n-k-no/,서울특별시 중구 회현동1가 203,"여행,명소>박물관"
한국금융사박물관,4.2,박물관,126.97646342528324,37.56866526590361,https://lh4.googleusercontent.com/-wHdeYe-CJ7o/XLsJRcdb1dI/AAAAAAAB6D8/ZdpyVN2MaNszBgH-FWE7hTUe_zaq2QlAQCLIBGAYYCw/w464-h260-n-k-no/,서울특별시 중구 태평로1가 62-12,"여행,명소>박물관"
쌀박물관,4.1,박물관,126.96782110336409,37.56658079856989,https://lh3.googleusercontent.com/-JKz8TMWNEdk/V72DWIOL0wI/AAAAAAAAQfw/0twm-PAxyxsig60rjWHCt9gyogxp-n9HQCLIB/w464-h260-n-k-no/,서울특별시 중구 충정로1가 81-9,"여행,명소>박물관"
전기박물관,3.8,박물관,127.02770292351417,37.486192086343756,https://lh5.googleusercontent.com/-f67yJOe-xqw/XCfKX-Ib-jI/AAAAAAAAgUs/WsJ1NO6tvYURNbJj8DLJEd2bXZXqf2eDACLIBGAYYCw/w464-h260-n-k-no/,서울특별시 서초구 서초동 1355,"여행,명소>박물관"
남양주시립박물관,3.6,박물관,127.24442869896595,37.54643377403685,https://lh4.googleusercontent.com/-mcq8MzsJPqQ/XbkXMdiaxhI/AAAAAAAAAxU/uuGou_4O4rwhdjevRbFmQbTEq2MuGbjTQCLIBGAYYCw/w464-h260-n-k-no/,경기도 남양주시 와부읍 팔당리 237-3,"여행,명소>박물관"
한국기독교박물관,3.9,박물관,126.95703318085613,37.49582611983496,https://lh5.googleusercontent.com/-1XEJtVzIaxE/XcKsHuDzDhI/AAAAAAAAQeA/OlKT8XhSZWIirSKJoBWw2flOpDMl2w36ACLIBGAYYCw/w464-h260-n-k-no/,서울특별시 동작구 상도동 511,"여행,명소>박물관"
삼청기차박물관,4.0,박물관,126.98214515225244,37.58705049707772,https://lh5.googleusercontent.com/-IvOyh4KR5xs/Wc81eSxr1gI/AAAAAAAAAEI/nH-ghgIAUMIhSzsqDxIvfNbvXcDs-tYCACLIBGAYYCw/w464-h260-n-k-no/,서울특별시 종로구 삼청동 27-35,"여행,명소>박물관"
롯데월드타워 아쿠아리움,4.2,"흰돌고래, 수족관 및 쇼핑",127.10485669464127,37.51349937181726,https://lh5.googleusercontent.com/-XGm5JW0GFV0/WjjEgtVCeiI/AAAAAAAACdc/kxfR2q6TYdoByXmVtw3oQF9jSYzfP5tegCLIBGAYYCw/w464-h260-n-k-no/,서울특별시 송파구 신천동 29,"관람,체험>아쿠아리움"
창조자연사박물관,2.8,박물관,126.78615346893751,37.43376296844611,//www.google.com/maps/vt/data=aNPy-ypodRNdZKw7dobk1esQC7aIZqgRIZOmx5H2y7tr-AUi-d436A_cOPyO_cugXfJj9lnqzQkdefXqVeoLwrDmpaJ43DC-iw,경기도 시흥시 신천동 184-1,"여행,명소>박물관"
평강 성서 유물박물관,4.1,박물관,126.84407148298607,37.49200989592027,//www.google.com/maps/vt/data=UR3XfPkYmEhJ1XR1ZNn_Mrok6eA1rh8m9kcE35w8GbVoujiBXrJlolTC2znXIUHtoWff4hgDvQh6fN5nPYG0LvkcNezeQEl75g,서울특별시 구로구 오류동 150-15,"여행,명소>박물관"
부천교육박물관,4.6,박물관,126.79799589913415,37.50298476495274,https://lh5.googleusercontent.com/-xtkpG2ToZE4/XWzgSNYOSaI/AAAAAAAAAJk/6wsIvlwwHsQ0b6RqUTwoRhGKZyw99aU5QCLIBGAYYCw/w464-h260-n-k-no/,경기도 부천시 춘의동 8,"여행,명소>박물관"
관세박물관,4.0,박물관,127.03465888051355,37.51859693550606,https://lh5.googleusercontent.com/-7rq2cHj01v0/W30CrSFBNmI/AAAAAAAAX8U/rJQvxTjlT8YbUbkrw9_bT2UEDeUE3ALEwCLIBGAYYCw/w464-h260-n-k-no/,서울특별시 강남구 논현동 71,"여행,명소>박물관"
애보박물관,4.0,박물관,126.76703367804117,37.450387762127136,https://lh6.googleusercontent.com/-WbeCLX7HhZM/XLL2MI18RtI/AAAAAAAAIwc/XGX_0V_-jVwEZ21b0KMVLH35c8cXgF3HgCLIBGAYYCw/w464-h260-n-k-no/,인천광역시 남동구 운연동 2,"여행,명소>박물관"
겸재정선미술관,4.0,예술,126.83848619046077,37.57229154885345,https://lh4.googleusercontent.com/-14Z2qcFbfhw/Vymy5XDVYZI/AAAAAAAA8KE/YG4qXnqyoOUu4DmoZFCFBn5aaOTMgR1iQCLIBGAYYCw/w464-h260-n-k-no/,서울특별시 강서구 마곡동 243-1,"여행,명소>박물관"
증권박물관,4.0,박물관,126.78610926423218,37.63844071349516,https://lh6.googleusercontent.com/-52rCoiDUQp8/XOzJCSTE0SI/AAAAAAAAIww/8Lk5strkVtwPx7IXPt-0NEiuz3TVeoZnACLIBGAYYCw/w464-h260-n-k-no/,경기도 고양시 일산동구 백석동 1328,"여행,명소>박물관"
쉼박물관,4.3,박물관 및 예술,126.95569074306701,37.59955135264799,https://lh4.googleusercontent.com/-XnbU4fiMd4M/XHaA4wKdcMI/AAAAAAAAXRc/ntZ2uwfLsPgIksgURx_97Bgeb0N4SinAgCLIBGAYYCw/w464-h260-n-k-no/,서울특별시 종로구 홍지동 36-20,"여행,명소>박물관"
박을복자수박물관,3.7,박물관,127.00852446871677,37.65387028934609,https://lh5.googleusercontent.com/proxy/i6KcZNLiQg5Pb48u3xZviHxx91xXnH-K8Z8NEqTw1xjgBwUBoWUuvyPi9niinIufBYtusG_7gKI0kQHdSoAxH3niBTfjEu6hfIOmEhaXVfQnIIJkXf8p_ilKYI6ykzGwo82SY1CFEXSD0f0JnU9u-zojFv1VZw6WtrI=w464-h260-n-k-no,서울특별시 강북구 우이동 86-4,"여행,명소>박물관"
광고박물관,3.9,박물관,127.09977360364175,37.515731465259826,https://lh6.googleusercontent.com/-RNk_x0hDQnU/W2UwhARcdlI/AAAAAAACSzI/-34p8ZX4AL8Eow1j92sl6AdXDdVlxt76gCLIBGAYYCw/w464-h260-n-k-no/,서울특별시 송파구 신천동 7-11 한국광고문화회관 3층,"여행,명소>박물관"
박노수 가옥,3.8,미술관,126.9668470052774,37.58139439523131,https://lh4.googleusercontent.com/-lhOHEncpmkg/WS1SxnZ5nkI/AAAAAAAAjag/6NJTsLJQJnQzQZk1lQwPpYZQ-RND0uCKACLIBGAYYCw/w464-h260-n-k-no/,서울특별시 종로구 옥인동 168-2,"문화,예술>미술관"
동아일보 사옥,3.8,미디어 기업,126.97770084897438,37.5700635773802,https://lh4.googleusercontent.com/proxy/gON4fKZ_ntHh4eHD7x92j8wX4h4ZoxXu_QHFLbiyZJfDBvM_00YP5I4jZELghUOKZRr9AIMso1KyYMZYEU-BI3T3uAPmHtTQFSHdNdon4kWq_Frn9SYPEnNKsTdD0N5TgMpfgtwDnjfBjuchVslJkdbUqyTMUo4A7WU=w464-h260-n-k-no,서울특별시 종로구 세종로,"여행,명소>문화재"
갤러리원,4.3,미술관,126.98093374145941,37.58371522368128,https://lh6.googleusercontent.com/-oUtmZBu_aIc/XYIFl3CaMjI/AAAAAAAAaqY/MD1YQbnWVosQkMo3aBW-7HjAwQ-Q9ZvKwCLIBGAYYCw/w464-h260-n-k-no/,서울특별시 종로구 팔판동 9,"문화,예술>갤러리,화랑"
D Project space,4.5,미술관 및 예술,126.97145307696374,37.58153368141032,https://lh4.googleusercontent.com/-5Qaw8EX3aFk/XNu78aCsGZI/AAAAAAAABtQ/6Y-nIrf9lX8XS64Fj8fVDexDZGV8bLUbwCLIBGAYYCw/w464-h260-n-k-no/,서울특별시 종로구 창성동 158-2 지하,"문화,예술>갤러리,화랑"
한화아쿠아플라넷 일산,4.1,다이빙 공연이 있는 대형 수족관,126.75557869882239,37.664000019074706,https://lh3.googleusercontent.com/-rX5tAOk6Wb8/XbUF19UX7MI/AAAAAAAAQFU/hiwCo8iR3VM7KednTv9WUezjIdRHwtZiwCLIBGAYYCw/w464-h260-n-k-no/,경기도 고양시 일산서구 대화동 2606-1,"관람,체험>아쿠아리움"
플레이아쿠아리움 부천,4.0,수족관,126.74429992688815,37.50011111055834,https://lh3.googleusercontent.com/-EGo_SHLQAYU/W_M_HmiZYCI/AAAAAAAAVT0/qVxUgmYbw1oiZMGNR0-dG3tG9oZdRrD2wCLIBGAYYCw/w464-h260-n-k-no/,경기도 부천시 상동 572-1,"관람,체험>아쿠아리움"
동대문시장,4.1,쇼핑 및 패션,127.00383355688845,37.57047590314143,https://lh3.googleusercontent.com/proxy/LFyBIydsmj7hfD7rvt-DStSeGDRN5hoMTBS8U_bj7B8wx_I1AzVee1ur0C3o_mSB5FRac5u4v_deecfkPxp80QFRUIOgr_ENWzC89U8Shrhy6ewfk-MLhC-4XMflhv26J2sJbsfAwdktvj097kd2F3Y38_s=w464-h260-n-k-no,서울특별시 중구 을지로6가,"쇼핑,유통>쇼핑센터,할인매장"
남대문시장,4.1,쇼핑 및 시장,126.97768723916656,37.55944918430892,https://lh4.googleusercontent.com/proxy/Rf0Ftebf_ztHu1lJ4EO0MQ48n8QKp9RanSDkFJELTQ_tJxzU_zK90b7rAPSrEWFJK0I_gOlem2jos4-8W2zofVhATA9W7XOMWBvCvRE4IX_uGcoQ3x_-Ma_wJaiTYhc5K5srYmPWLj2egHCUCghdiFZbF8k=w464-h260-n-k-no,서울특별시 중구 남창동 49-1,"쇼핑,유통>시장"
광장시장,4.1,"시장, 문어목 및 쇼핑",126.99966072212602,37.570152332170245,https://t1.gstatic.com/images?q=tbn:ANd9GcSWX2YGdR3FLPAwW4XiUS0Pq2e4kkv8mtVdpxNAODmKmxuXuP1JkWY2WMj7qSt420ZhMHZ5aAvgo8SMVg,서울특별시 종로구 예지동 2-1,"쇼핑,유통>시장"
경동시장,4.1,시장 및 쇼핑,127.03884559648236,37.57940676887611,https://lh3.googleusercontent.com/-lN-IhkUJ3QY/XJug3U3Pe8I/AAAAAAAAGQY/EBfvp9nX8DIHp10R_WNeTvK8stxdQ_OSwCLIBGAYYCw/w464-h260-n-k-no/,서울특별시 동대문구 제기동 1018,"쇼핑,유통>시장"
가락시장,4.0,"시장, 씨푸드 및 쇼핑",127.11791534309206,37.49478331646403,https://lh5.googleusercontent.com/-9qk2Jwvwgqc/XL8KrpxfBxI/AAAAAAAA1sM/ALjEz08dbSoid7NecmzCScb6qgM-e475QCLIBGAYYCw/w464-h260-n-k-no/,서울특별시 송파구 가락동 96-2,한식>전복요리
노량진수산시장,3.8,"씨푸드, 문어목, 시장 및 쇼핑",126.93687035037237,37.51492904283383,https://lh3.googleusercontent.com/proxy/38nzKGXKe2CqNRBxSOtqqqvl55fRc1J7AFwaYwpxIrcTf_KH7LU6JR4gT8rYIiUfJjyp3TW-n_IFWLLdFA8a2d0xfMzOs-UphwDZ6bX6W_3rDf1vfOyduZ2aNW3HoOEc2LIryCIPe-EfRaeLiXaNO4NwD1c=w464-h260-n-k-no,서울특별시 동작구 노량진동 13-6,"쇼핑,유통>시장"
홍대앞예술시장프리마켓,4.0,"시장, 예술 및 쇼핑",126.92333608146996,37.552344035762985,https://lh5.googleusercontent.com/-cfayzqUHzV4/Wf1WKHOxfuI/AAAAAAAARnY/ol0oGGIWNV0WH1H0zLX0YdSn7fyvzStswCLIBGAYYCw/w464-h260-n-k-no/,서울특별시 마포구 서교동 359,"문화,예술>행사"
방산시장,4.0,시장 및 쇼핑,127.0010248529308,37.56887537617228,https://lh4.googleusercontent.com/-D4QmpjUgXNg/XJdr0SMxxCI/AAAAAAABvtk/wLT1gsbrfM4ySecidAFRDxFmh6EWwhcgACLIBGAYYCw/w464-h260-n-k-no/,서울특별시 중구 주교동 251-1,"쇼핑,유통>시장"
통인시장,3.8,시장 및 쇼핑,126.97026301812326,37.58080248826588,https://lh4.googleusercontent.com/-WVyoupCGXuU/V-3zpzdAc-I/AAAAAAACz54/_cXmeCk1WDgsD3026CEaexIlsdxvbOjuwCLIBGAYYCw/w464-h260-n-k-no/,서울특별시 종로구 통인동 10-3,"쇼핑,유통>시장"
동진시장,3.8,시장 및 쇼핑,126.92662180307403,37.56235742984623,https://lh3.googleusercontent.com/-XtuIkaCv-C4/V4t8fhNTDJI/AAAAAAAAsyQ/Z8Ioq_ez_KAJGs_Q2-cFyMQ4qJtBCbgbwCLIBGAYYCw/w464-h260-n-k-no/,서울특별시 마포구 연남동 227-15 38,"쇼핑,유통>시장"
방학동도깨비시장,4.2,시장 및 쇼핑,127.03556261699688,37.66543812488036,https://lh6.googleusercontent.com/-B14-sWOjmA0/WInv3MH9ZCI/AAAAAAAAAS8/cQkLIsNIGD4Z9D8xa1g55ymnloEZ0npKwCLIB/w464-h260-n-k-no/,서울특별시 도봉구 방학동 727-6,"쇼핑,유통>시장"
서울 중앙시장,3.8,시장,127.01980074400798,37.567446709054956,https://lh6.googleusercontent.com/-LYUmLKThZ-g/WlTp6ecYwII/AAAAAAAAScQ/VQlOocEbfuAqVMouLS4VlUY0zgu8ePFiACLIBGAYYCw/w464-h260-n-k-no/,서울특별시 중구 황학동 442,"쇼핑,유통>시장"
서울시립미술관,4.1,"미술관, 박물관, 예술 및 근대 미술",126.97380695923064,37.56426317317671,https://lh6.googleusercontent.com/proxy/1S1TwFk2bg2k_AVI6SeHRBF7aX4F9fH0FNcYxdzyz_2sCMcxGk-3fpv5lcbIZOgg1gje0pQXpnL4xnWvBe9MECQEFwql1y2J-kO4qul2NMzgRgaI2_YxwWQUG_vNsCXqJMln88dFWNRsXJZE_fSc5eGB6wM=w464-h260-n-k-no,서울특별시 중구 서소문동 37,"문화,예술>미술관"
삼성미술관 리움,4.4,"박물관, 예술, 건축, 미술관 및 근대 미술",126.99936395238464,37.53812667412837,https://lh5.googleusercontent.com/proxy/fV_PzJB0eEI-ZTNmKGpdn53EqWw1qZWT_ckpjNjC8WUf_O9WkpXgLo6qYmSu6PfyeeMwuyNexMNDqr82iVDfhIX_rHI6jXUw4hGC_nBw8RRE-6TH4cdBav7fp4Z2fASXGAokuT4XjR2h1hbmgD9Jmq88hgQ=w464-h260-n-k-no,서울특별시 용산구 한남동 747-18,"문화,예술>갤러리,화랑"
봉은사,4.5,불교 사찰과 미륵불상,127.0576797841521,37.51498013001419,https://lh5.googleusercontent.com/proxy/MQs6Tl6eqLAzVFmoOmOiyssT5EUJwVz1eqoZTVFCS3OnqPsBHKyeQBhceX-lKS30NrISkkarRb3mt7JCZ3csEgyHnbbGHTkgtS8DDbEjHEFjN0-rT_B0FskKhteli00mYgpGd2tfmqsDycu0rtfizZHMQD8=w464-h260-n-k-no,서울특별시 강남구 삼성동 73,종교>불교
Yeouido,3.8,섬,126.9173448060366,37.52757375924765,https://lh4.googleusercontent.com/proxy/C2z6dQ8ukGwzyXzBJG6eULsYTdPFUsXl9MiXpMXUi5IW1QxDqv5n8RRuHcXRpzQy0c8I9kWPUwb7DUzXrtzTlIjd_OggPC0ZS_uxozMWcg2PSqDdB3f3tgTw9X2z8IZR1uuOxHFjISRlZJcxdWt_719LuPY=w464-h260-n-k-no,서울특별시 영등포구 여의도동 17-5,숙박>호텔
청계천,4.2,복원된 개울이 있는 도시 공원 공간,127.005666313194,37.5697074254838,https://lh3.googleusercontent.com/-m56xI-rKa5M/XcLlFkKbokI/AAAAAAACfNU/WPyIc5K7BBU0mAU8-LfNzHRQggrdwLRQQCLIBGAYYCw/w464-h260-n-k-no/,서울특별시 종로구 창신동,"여행,명소>강,하천"
별마당 도서관,4.6,도서관,127.06020678147173,37.51010750214138,https://lh5.googleusercontent.com/-Cmx6AeSkykA/WngMUbyNYZI/AAAAAAAATQs/rIj1e1fkt-oUY5cKNrzkTKxqDBa2b6NtwCLIBGAYYCw/w464-h260-n-k-no/,서울특별시 강남구 삼성동 159,"교육,학문>도서관"
예술의전당 한가람미술관,4.4,"미술관, 구스타프 클림트, 박물관 및 예술",127.01427795170684,37.48038631610958,https://lh5.googleusercontent.com/proxy/Y8puFYgW_ZQMS9zSx0mLvZdhEQ0nAcGOGW15CTv5sEw1fBkCRtSkbVPAfW6Y8nJOSpmJzQUsSFlFSfVoEwwmzuNAM52HbCcGRdXJXTHo2u2A-IGwMNci-5dvSobopSMFimGhKOOpB2KFXL9uw07lsYOq5bY=w464-h260-n-k-no,서울특별시 서초구 서초동 700,"문화,예술>갤러리,화랑"
스타필드 코엑스몰,4.2,수족관이 있는 거대한 지하 쇼핑몰,127.05945131097832,37.511723398219196,https://t1.gstatic.com/images?q=tbn:ANd9GcTbuz62jKmaplhV7ukh1EGxSO-qEh4KeIGr1OyXsIoA02RJxj_sKL0px35jEH7Gbbn9G0KqbS2tOt9QVA,서울특별시 강남구 삼성동 159,"쇼핑,유통>쇼핑복합시설"
간송미술관,3.9,"미술관, 회화, 박물관 및 예술",126.99693382377754,37.59371847568932,https://lh3.googleusercontent.com/-1ufrsyYaJwI/XYW6c-3NFuI/AAAAAAACxeA/A4Wv6UXdis0ZouE60AvFHCzOZM2JUkrPwCLIBGAYYCw/w464-h260-n-k-no/,서울특별시 성북구 성북동 97-1,"문화,예술>갤러리,화랑"
국제갤러리,4.2,"미술관, 갤러리 및 예술",126.98050983050744,37.58075615796345,https://lh5.googleusercontent.com/--_Ub0ZcJMrY/XKao04TW4lI/AAAAAAAAJcU/0evVwo8ZPHon4fTKB4FjtgAGqmoNLNXWQCLIBGAYYCw/w464-h260-n-k-no/,서울특별시 종로구 소격동 59-1,"문화,예술>갤러리,화랑"
일민미술관,4.1,"미술관, 박물관 및 예술",126.97772656092775,37.56983853941792,https://t2.gstatic.com/images?q=tbn:ANd9GcSccGgWoZf3bzr4Pz4KNw01TLt-zjiIMqnK4KksCWSamlU1rZU87kDv97UyycD-8rf_Nqvr3Fmmv31Q0g,서울특별시 종로구 세종로 139-8,"문화,예술>미술관"
석촌호수공원,4.5,"공원, 단풍 및 호수",127.10511959994656,37.51232097420721,https://lh3.googleusercontent.com/proxy/xqtv8S1J4q10eGubGxErAZhYay4J83XVw4pKYOgFfx6sx6Qki0sTx-ouULc_J7LHwGrKHm7WZSB-yySjYHh6zqsstiT6IxztT9nvfG6y2TuWmUCXU6qcHsweChwhuOYZ2cM8NyiGOIQ1IEQQWibORBA7xY0=w464-h260-n-k-no,서울특별시 송파구 신천동,자연공원>부속시설
일산 호수공원,4.5,공원 및 호수,126.76420629239979,37.65564815983614,https://lh5.googleusercontent.com/-7JqKV6_PrKA/WxNOPA_ME2I/AAAAAAAAC3c/ZLn3VNjsK9U-tW48x4k8gwL76CYTpaIhwCLIBGAYYCw/w464-h260-n-k-no/,경기도 고양시 일산동구 장항동,"여행,명소>호수,연못,저수지"
명동,3,다양한 쇼핑 및 캐주얼한 세계 각국의 요리를 선보이는 식당,126.98587296613474,37.56010536411583,https://lh3.googleusercontent.com/-eNL35ckOsOE/WyQt3-LHSAI/AAAAAAAAUbY/fJQeGlaRSik2DaGXBbbafYTXkp-xEhxngCLIBGAYYCw/w464-h260-n-k-no/,서울특별시 중구 남산동2가 9-6,"공공,사회기관>행정복지센터"
디뮤지엄,4.2,"박물관, 예술 및 미술관",127.0115180749209,37.53715665043855,https://lh6.googleusercontent.com/proxy/lNzlqpKGfiVbZiHKBRoXVJ8m-KemgwTXabHcZiouC46txHjO8QQcgjSql4964Muquve5duQAL3BV40X-V6TPCpQCW7Wku859_lCFGkQUCBosQWZXu3fIzxI66babuAt_YxPQ5jXC918waGWphFuNmmdvlno=w464-h260-n-k-no,서울특별시 용산구 한남동 50-1 Replace한남 F동,"문화,예술>미술관"
서울대공원,4.3,동물원 및 전시관이 있는 엔터테인먼트 지역,127.0198760949236,37.426504282335344,https://t3.gstatic.com/images?q=tbn:ANd9GcQshAWytVKZDVBDX8-y38Vpq3yXyKpAfOhnhaf6UCbrTYxGqKzMlCzpFF7IBBGR0c7MfLa_SnWb9aQrjw,경기도 과천시 막계동 159-1,"여행,명소>테마파크"
올림픽공원,4.6,1988년 서울 올림픽이 개최된 올림픽 공원,127.12299232850762,37.520987851394835,https://t1.gstatic.com/images?q=tbn:ANd9GcTuI17cJ1fm9De-n-Yo8Tp4g-5TJW-48_aH7xfcCVeUEsfXACLLXvDuZ0gkpoQ6ibAiRDjibKNyugj4Bw,서울특별시 송파구 방이동 88,"여행,명소>도시,테마공원"
국립현대미술관,4.3,"미술관, 예술, 박물관 및 근대 미술",126.9800830340327,37.57884227121845,https://lh4.googleusercontent.com/-_cZLH5RPgkw/XawUZqsDUOI/AAAAAAAAUSQ/J1zZdcDz3sMnswrmBeKI7F9LOQ420S8IACLIBGAYYCw/w464-h260-n-k-no/,서울특별시 종로구 소격동 165,"문화,예술>미술관"
금호미술관,3.9,"미술관, 박물관 및 예술",126.97985130000284,37.577569804745764,https://lh6.googleusercontent.com/proxy/Tw8EvUaFXN77Fjjzr1BnBbNRH426Co56j6_lUftsFOAlpMIkYIfbJEhFUxWAjWS8pjjnH_ERmtRaR02FWj8SbeWvPMG1dAUg4sh3L2cvi8pN15OQ7KOQPTsMyHhr5y5NWAFVPodsXMxg2OOz_ZbWvNLlz8tkUjurzU4=w464-h260-n-k-no,서울특별시 종로구 사간동 78,"문화,예술>미술관"
63빌딩,4.2,랜드마크 고층 건물 & 엔터테인먼트 공간,126.94034101101693,37.519879904272116,https://lh4.googleusercontent.com/-YyYvgAM0mCY/UpgE87yvlZI/AAAAAAAAABs/8mCwga59qbs9awk181K4RndeQROmTJBGACJkC/w464-h260-n-k-no/,서울특별시 영등포구 여의도동 60,"서비스,산업>기업"
서울대학교 미술관,3,"미술관, 박물관 및 예술",126.94971918995992,37.46650423259943,https://t0.gstatic.com/images?q=tbn:ANd9GcRgNSE9kYHv0IoN31X0gwHv2Az6nJpT5AyUyT_qOVoCHDfaJ1q3gxEuLw0sVyhdzI7tJ9pcYtpf1sMVDQ,서울특별시 관악구 신림동 산56-1,"문화,예술>갤러리,화랑"
아트선재센터,4.2,"미술관, 컨벤션 센터, 예술 및 박물관",126.98186242555839,37.57953339172372,https://lh6.googleusercontent.com/proxy/Wn3Gct1-zm05aBcXB0Jo-OOq5AOemWHInU7K1pwVfcrX7NBNBC2airX9oGiR2szs0lkskJM-oXIo7JihH4AI9tYBYJ7AKpCcPyfyF1ZFOaej49AVgBbjHt00eOkH1tXNbRCu0TDdVXF0tKFQYSoiHWv6vJI=w464-h260-n-k-no,서울특별시 종로구 소격동 144-2,"문화,예술>갤러리,화랑"
북촌 한옥마을,4.3,600년의 역사를 지닌 유적 마을,126.9851088168545,37.58141745322301,https://lh6.googleusercontent.com/-S07lICzZkxI/XKaGWbWfkmI/AAAAAAABFU0/KZeyWA1xlN0J3nYiaAOPb9aN2OmGN4L_gCLIBGAYYCw/w464-h260-n-k-no/,서울특별시 종로구 계동 105 북촌문화센터,"여행,명소>지역명소"
서울랜드,4.2,한국 최초 테마파크로 1988년에 개장,127.01906786666731,37.4339043426319,https://t0.gstatic.com/images?q=tbn:ANd9GcRF3GjVhrU4N9jAUKtOJ802eFORBDmlzEXqO1fyCgilS4YMSoUte5zWgcnk1z3G03bvSnZJQAtcREB3Gw,경기도 과천시 막계동 33,"여행,명소>테마파크"
소마미술관,4.1,"미술관, 프리다 칼로, 박물관 및 예술",127.11826594482812,37.51693399534782,https://lh4.googleusercontent.com/proxy/Q6bNI6adRKwOGZmhx6zFKjRSstTr87yew3xnA7IPAap1nUBJIjK6MnR9Qs7Mf4E2DtYT2A8EugunR1l05WB56p09PzyNFb-IIg8kl3QyfndBLRpxfLWns_YlEmv7djF96oi-7XlTUo2bSUupwIO_dZ2QaOo=w464-h260-n-k-no,서울특별시 송파구 방이동 88-21,"문화,예술>미술관"
남산,4.5,"산, 단풍 및 공원",126.98830078983099,37.55130494290762,https://t3.gstatic.com/images?q=tbn:ANd9GcTWxE9p3RdQov59gz6iP5a-yXeBYVnrAEHBhcvH8sIT6EsP5IhmTDv2Vog0U_0y01cBin89G9Af3UmORw,서울특별시 용산구 용산동2가 산1-3,"여행,명소>전망대"
동대문 디자인 플라자,4.3,디자인 센터가 있는 초현대적 공간,127.00996174016325,37.56760800317592,https://lh5.googleusercontent.com/-J5KtLPOIjHE/WXAnE1asV4I/AAAAAAAAWeQ/mAS-9N1y_Louued0bDUPAnwgX8aU_WL1gCLIBGAYYCw/w464-h260-n-k-no/,서울특별시 중구 을지로7가 2-1,"문화,예술>복합문화공간"
이화 벽화마을,4.0,예술 및 공원,127.00502463197222,37.578811567143305,https://lh3.googleusercontent.com/-2gH8SOhOOOM/WrTYxqjY7-I/AAAAAAAAMXI/lPdzOvPJCQQH8uu3kyMowbmOXtKr1dEggCLIBGAYYCw/w464-h260-n-k-no/,서울특별시 종로구 동숭동 199-10,"여행,명소>체험마을"
성곡미술관,4.2,미술관 및 박물관,126.96976791748068,37.57317537844489,https://lh4.googleusercontent.com/-JR8FElLSHD0/W980mqzxFnI/AAAAAAAALSA/jqTgN1fkCowRU6GcmJkq3SGJihMoLfbagCLIBGAYYCw/w464-h260-n-k-no/,서울특별시 종로구 신문로2가 1-101,"문화,예술>갤러리,화랑"
사비나미술관,4.2,"미술관, 박물관 및 예술",126.92930745651864,37.630193586526175,https://lh4.googleusercontent.com/-v8Ei3w7RY8g/XMj6Rtjvr9I/AAAAAAAAALc/nv1Hii4vAMwZYIDQ72zcaNvJPU8mpVTlwCLIBGAYYCw/w464-h260-n-k-no/,서울특별시 은평구 진관동 161-10,"문화,예술>미술관"
환기미술관,4.3,"미술관, 박물관 및 예술",126.96614993436634,37.59415600541461,https://lh4.googleusercontent.com/-DpZqc6lEDQ8/XBnLg-ZNLyI/AAAAAAAAAAg/fjZskeOxKj0orxkbej8m64XByQQE5RYNwCLIBGAYYCw/w464-h260-n-k-no/,서울특별시 종로구 부암동 210-8,"문화,예술>갤러리,화랑"
롯데월드,4.2,수족관이 있는 어드벤처 & 워터파크,127.09818860995449,37.511133007356264,https://lh5.googleusercontent.com/-79RFiAWFSa0/XNArHA8YWwI/AAAAAAABhkM/dqiVVeTVUe8MrtZUsS1Alv490hPwPNNowCLIBGAYYCw/w464-h260-n-k-no/,서울특별시 송파구 잠실동 40-1,"여행,명소>테마파크"
아르코미술관,4.3,예술 및 미술관,127.00326865314987,37.580598856773406,https://t3.gstatic.com/images?q=tbn:ANd9GcTT1SfPJVcqrcmIz3RCDLMpNgy6jYLCTMYHJnlbD8t5tnYh7TOJGmaHHP58jfTN_h0zTpFpve5VFq4SgA,서울특별시 종로구 동숭동 1-130,"문화,예술>미술관"
서울미술관,4.2,미술관 및 예술,126.97380695923064,37.56426317317671,https://t3.gstatic.com/images?q=tbn:ANd9GcR_sxd_dsEDOtyLxBLfQb7szgDPJ6OoeKCOzlRRr7wFiybmHeejOxVyq4yLUC5tQtCfWgDdlQ-ShzJ-Tw,서울특별시 중구 서소문동 37,"문화,예술>미술관"
응봉산,4.4,"산, 공원, 암벽등반 및 등반",129.23055112007086,37.07662057192676,https://lh6.googleusercontent.com/proxy/FVHeDWIDMXLB7k0_1Jtw4JiBcjd14iwKsTVkzeYZD_FmvY7JsfhHvAlWxFJmdDKAIZmOKJpdj8pr9NiT_iJuNDbBlt3Za6rhaDeDyZs1IYNb_kh0MZOeuMBQcv4_sJjT88041AaDTTblj1bttB3Kfma3dZSIIw=w464-h260-n-k-no,강원도 삼척시 가곡면 풍곡리,"여행,명소>산,고개"
서울시립 북서울미술관,4.2,미술관 및 예술,127.06682265452713,37.64102789291332,https://lh4.googleusercontent.com/-wbhVAnUcVeQ/WkiKHyPjr8I/AAAAAAAAF4A/B7p3wahSS4Qx6pYZdxDlF3AFMnSNj5_PQCLIBGAYYCw/w464-h260-n-k-no/,서울특별시 노원구 중계동 508,"문화,예술>갤러리,화랑"
가나아트센터,4.0,예술 및 미술관,126.97519757821425,37.61234563314544,https://t1.gstatic.com/images?q=tbn:ANd9GcTX2zKiVUyLnOnEfXUZJA4fss5bIrk_0fHXp3BPbLQmfTuN6JWtt0GbhSWH_Vl-5D3miKdvbLkXO7PuFg,서울특별시 종로구 평창동 97,"문화,예술>갤러리,화랑"
성남아트센터,4.3,"오페라 극장, 뮤지컬, 예술, 오페라 및 연극",127.12997699474225,37.402350776084,https://lh6.googleusercontent.com/-6OoKm1Qe4E0/WZuqTEpzvTI/AAAAAAAAHDk/Y1mjILdI1is5LOq-FvkvwXfv1rfiqbp7gCLIBGAYYCw/w464-h260-n-k-no/,경기도 성남시 분당구 야탑동 757,"문화,예술>공연장"
롯데월드타워,4.4,쇼핑,127.10258228281852,37.51261712366348,https://lh3.googleusercontent.com/-EH2usjyKPuw/Wo61tHIgPCI/AAAAAAAAWOA/2P3jv6PgKaMSRrHm-C6wvb2VTdgIDpkeACLIBGAYYCw/w464-h260-n-k-no/,서울특별시 송파구 신천동 29,"시설,건물>기업,빌딩"
충무아트센터,4.2,"예술, 연극, 뮤지컬 및 음악",127.01477116785159,37.56599927111117,https://lh4.googleusercontent.com/-QHFUU5w0ftw/V1-p2tt-7lI/AAAAAAAA2ek/3ZTMkjAQHYoEYNApe3asFr93PnoewZqegCJkC/w464-h260-n-k-no/,서울특별시 중구 흥인동 131,"문화,예술>공연장"
토탈미술관,4.3,"미술관, 박물관 및 예술",126.97572075798492,37.612187983104874,https://t2.gstatic.com/images?q=tbn:ANd9GcQt6e_jvMZzQAsxflwTDcTOL7lqPSLTCXQUlt0Ivtvz1FSvUfWEB6Tnpi1Ock9WrqIhpLWxviiY0Og0sw,서울특별시 종로구 평창동 465-16,"문화,예술>미술관"
K현대미술관,3.7,"박물관, 예술 및 미술관",127.0391214153689,37.5243549587291,https://lh5.googleusercontent.com/-hxKM6h5iDsk/WZm592JRK6I/AAAAAAABv5M/dtkgNl1FmuwXYEKTLdN5ZEpqzSbh176gACLIBGAYYCw/w464-h260-n-k-no/,서울특별시 강남구 신사동 666-7 K현대미술관,"문화,예술>미술관"
아라리오뮤지엄인스페이스,4.5,"박물관, 예술 및 미술관",126.98853260760148,37.577725503386084,https://lh4.googleusercontent.com/-ldBzJRygo1Y/W9ky5EvpcvI/AAAAAAAAsQY/7xJ1EJmGSj8doScGZHi6Dn3B27tHLYuiACLIBGAYYCw/w464-h260-n-k-no/,서울특별시 종로구 원서동 219,"문화,예술>미술관"
마로니에공원,4.2,"공원, 예술 및 연극",127.00281991429526,37.58028871788487,https://lh5.googleusercontent.com/-xgYwSe_EQqE/XTuss-WgSxI/AAAAAAABPvc/TTyIwDVkOUM-vxL_3ZeAocoY7wDabBQNgCLIBGAYYCw/w464-h260-n-k-no/,서울특별시 종로구 동숭동 1-119,"여행,명소>근린공원"
서울월드컵경기장,4.3,쇼핑몰과 영화관이 있는 유명한 경기장,126.89729740870564,37.56831367149982,https://lh3.googleusercontent.com/-f2k4F8n_KDM/WhPUh1Zy9hI/AAAAAAAAQSQ/9v7eaR3uDQA3dqSKU_fZlBt-drXz1lT5QCLIBGAYYCw/w464-h260-n-k-no/,서울특별시 마포구 성산동 515-39,"스포츠,오락>월드컵경기장"
KT&G 상상마당,4.0,예술 및 미술관,126.92109183855911,37.55100805742953,https://lh3.googleusercontent.com/-UHwkusA7xao/Wy85oFj8dyI/AAAAAAAALEU/7znt9S1WD5kUG9gp88qUQ_7LNX0Q11ZjgCLIBGAYYCw/w464-h260-n-k-no/,서울특별시 마포구 서교동 367-5,"문화,예술>복합문화공간"
한강공원,4.0,공원,126.93485264231816,37.526381195460516,https://t1.gstatic.com/images?q=tbn:ANd9GcQ4ivtkMUBrAJ4T9IJZe7X4R5SDxOe4CQ8qv-OVEaQcUPdNjHWvbjz4ioD_Lw67kOLFFHsFEaYVykeaDg,서울특별시 영등포구 여의도동 8,"여행,명소>시민공원"
인사아트센터,3.9,예술 및 미술관,126.9846990881924,37.574061442948704,https://lh5.googleusercontent.com/-V0ceXVG070A/XBQ-h6l4cAI/AAAAAAAA0Bo/YIVAEGm-zckmEtXyM-y8tCmnnMg2xrftACLIBGAYYCw/w464-h260-n-k-no/,서울특별시 종로구 관훈동 188,"문화,예술>갤러리,화랑"
경인미술관,4.3,미술관 및 예술,126.98548546660152,37.57450970485407,https://t3.gstatic.com/images?q=tbn:ANd9GcQgkohgBiM61k_40LraSJEI4hGQ7NEc51mbmOtHCvd7B3ePlPk4AslXEA0Hgfps8MMFnban0NE4YA2tqQ,서울특별시 종로구 관훈동 30-1,"문화,예술>갤러리,화랑"
아라아트센터,4.1,예술 및 미술관,126.98366479414909,37.573529950828146,https://t2.gstatic.com/images?q=tbn:ANd9GcSWPzdz7jwk-pkrWAJ3WziZaIy2Qy6OI_x39H-dl3dCHEhfxE5pNALdi3_z5zJ1ZwtWb7BrKek5j6DErQ,서울특별시 종로구 견지동 85-24,"문화,예술>갤러리,화랑"
유니버설 아트센터,4.2,"예술, 뮤지컬, 연극, 발레 및 음악",127.08804574727458,37.55087285945031,https://lh3.googleusercontent.com/-sqaBN52DxVU/XLK_-y2L5fI/AAAAAAAAb9w/vDZ5Tx1Y38M24K4KVLRmugYXpxE8_TmeACLIBGAYYCw/w464-h260-n-k-no/,서울특별시 광진구 능동 25,"문화,예술>공연장"
봉원사,4.4,사원 및 불교,126.94781030922636,37.5720629026304,https://lh6.googleusercontent.com/-be49BTNOXYk/WiOUaXd6iTI/AAAAAAAAU7w/AYJ2lM4LnuE1-lH5DYvvfH0puRh-VxBwACLIBGAYYCw/w464-h260-n-k-no/,서울특별시 서대문구 봉원동 산1,종교>불교
하늘공원,4.4,공원,126.88509366000962,37.567622526737715,https://lh3.googleusercontent.com/proxy/iuf26PF21RLflMWYvyQj3WFsIGZamsgG7TUQxSzSflqZb2j6JXOpH1bGpAl1kzeAeo17HkJzznWCn93_scAqSc_aPlj48S19pLRnr-NeCyiZn-vrLF3Lto3bimXYooAefrkrNLaMcpQIdZDeGQmqUebCXEE=w464-h260-n-k-no,서울특별시 마포구 상암동 482,"여행,명소>자연,생태공원"
렛츠런파크 서울,3.9,경마 및 공원,127.01573497490118,37.447689975269164,https://lh6.googleusercontent.com/proxy/2s_YmW7sm7uxOO8NFvZPVENgvKK4VczhtTs960ifbksbRqh6x7Wa9A8ghyLXOpFf0VGxND2CSyIUrEiiLRoWY6KgygQOXcF8YYO3eW43Uu47tqIrThDGpx8DkMA24BAUQB-20qu2K4yJIwgSUygf5AskHus=w464-h260-n-k-no,경기도 과천시 주암동 685,"스포츠,오락>경마장-일반"
학고재갤러리,4.4,미술관 및 예술,126.98028771719493,37.58043887802513,https://lh5.googleusercontent.com/proxy/vi4GwRLjdi5ytVi66tmMwsE52SvbHsFpr9Yt7SHJOlAZtjd3EAMenN3dihhcsdKEha4fR7JRJbcTVfHwTMpF69n4WrwB-ufRG4AWEr-7vo4zCqJ-ytPmSRaoc4xLWvjeLSQ7M6llGx21aMREKFF1Mmq0zFE=w464-h260-n-k-no,서울특별시 종로구 소격동 70,"문화,예술>갤러리,화랑"
여의도공원,4.3,공원 및 아이스 스케이팅,126.92239929703564,37.52618727052211,https://t2.gstatic.com/images?q=tbn:ANd9GcTF7lAorTF5UZjEoN8oB7Kexa2z9QRzDcD4Wb3ETjhvmQvKUnqc0uoMS9JmEQp9AsLhP5ehzXYT-mJkUQ,서울특별시 영등포구 여의도동 2,"여행,명소>근린공원"
북한산국립공원,4.6,"공원, 산, 하이킹, 등반 및 등산",126.9779834436774,37.65876387451175,https://t1.gstatic.com/images?q=tbn:ANd9GcSKt4FaTYm9vqPE1fhyb0Y4blaeyns1cJgq8jAkLVsUB1VLKt4vQrxS6FBNkZ7KyQTRsMY_9ygOJCj6Xw,경기도 고양시 덕양구 북한동 산1-1,"여행,명소>산,고개"
어린이대공원,4.4,"놀이공원, 놀이터, 동물원",127.08094975445172,37.54995291328982,https://lh5.googleusercontent.com/proxy/bFVDwxnKo7DcDbM6zF_ZLP0hGlxhA8jgj0hCfER_78PDOvmp4B-ID_cZKplcpYxIt2egoC73n-eemi-sZlASHoVMucVC7w1c6XKsGraKUkfYUh66WCDatnaF64f7CceGIf6SVKDyp7q9zsFq3JOcIoQuXbw=w464-h260-n-k-no,서울특별시 광진구 능동 18,"여행,명소>테마파크"
낙산공원,4.5,공원 및 예술,127.00761703156942,37.5805363290666,https://t1.gstatic.com/images?q=tbn:ANd9GcSdup9ddQ-dKg33Yzp-Zy64PQv3HIArpARAlFywoxKU37fo5GKoDNCo0FhN_M_qZX6y1RIvW_Mba8FspA,서울특별시 종로구 동숭동 산2-10,"여행,명소>근린공원"
북한산,4.6,"등산, 단풍, 공원, 하이킹 및 등반",126.9779834436774,37.65876387451175,https://lh4.googleusercontent.com/proxy/Z7AOyIfS0MjycYqdfotIJnjUPiJtbzg_K_h08OfRG2mRnpdI0LcGgcBaO9IqhC1JE_WldZbsBN8Vdn20bVHiw5OKlzq7YHjXfU13LLS8hNUeGhJPR_SYYPFwMN-6zvadSfTY8187bqp3fu5cVFz59G5BIwQ=w464-h260-n-k-no,경기도 고양시 덕양구 북한동 산1-1,"여행,명소>산,고개"
홍릉수목원,4.4,숲 및 단풍,127.04396475952906,37.59345049649052,https://lh5.googleusercontent.com/--TdJEZTJEfs/XYdZBLTC5cI/AAAAAAAAcAg/rh7141hk6l8tId3XAMQsI_dknZHaXCbDQCLIBGAYYCw/w464-h260-n-k-no/,서울특별시 동대문구 청량리동 207,"여행,명소>식물원,수목원"
선유도공원,4.5,공원 및 정원,126.90016367616207,37.54348075230784,https://t2.gstatic.com/images?q=tbn:ANd9GcSH_UdPyzmLMGxXnICf_Jy1y7cYJ4lelDFcfjGLxmtfizYZldH0oOy7YdGMnEcu30zwMM9VTRHP0Esptg,서울특별시 영등포구 양화동 95,"여행,명소>근린공원"
남산공원,4.5,공원,126.98471650645298,35.05899827097911,https://t1.gstatic.com/images?q=tbn:ANd9GcTG6D-KwO2xl_b5NesabKFmtK5HLxKZ4Zgj-sWp5pkF5CRPIwc9_USPKpYILRI5nkWraB2V2EslLeaHaQ,전라남도 화순군 화순읍 삼천리,"여행,명소>도시,테마공원"
반포한강공원,4.3,공원,126.99505535607224,37.51006750024069,https://lh5.googleusercontent.com/-jYff2NRTgm4/XPExNWKGsRI/AAAAAAAA1Hk/gOv_df5wf7AEyNrULV1IFO_iZdQtpUzWgCLIBGAYYCw/w464-h260-n-k-no/,서울특별시 서초구 반포동 115-5,"여행,명소>시민공원"
보라매공원,4.4,공원 및 암벽등반,126.91831578409067,37.49239681015183,https://lh5.googleusercontent.com/-KTT_coq5lFk/XcEZjjzOFxI/AAAAAAAAVEs/AmTIiWxESqA4Bcfy7uLbFo6GveOw5p0HQCLIBGAYYCw/w464-h260-n-k-no/,서울특별시 동작구 신대방동 395,"여행,명소>근린공원"
뚝섬한강공원,4.4,공원 및 sledding,127.07070081615417,37.52950903272444,https://t3.gstatic.com/images?q=tbn:ANd9GcTxeUg8L3EOAch05vHbEiTJlxhA4DggXoWMTL2c2atAayHFwsC32qnpZycIzwdTiCVyv3x4ymQOGdwr4g,서울특별시 광진구 자양동 704-1,"여행,명소>시민공원"
관악산,4.5,"등산, 단풍, 등반, 산 및 공원",126.96415363532277,37.44526741421168,https://t2.gstatic.com/images?q=tbn:ANd9GcS63ARPqVCXyDQ9rfDa0iBaxlgUFeopsSVtk_FmNh3YjmpbTenwqeXXB2mqSasEBCm8VEgB4VokSjYxZg,경기도 과천시 중앙동,"여행,명소>산,고개"
N서울타워,4.4,도시의 전경을 조망할 수 있는 타워 & 레스토랑,126.98830078983099,37.55130494290762,https://lh3.googleusercontent.com/proxy/oywZDuUQTL7rYhRwyQOENlwjjio4YlxSWorP0hQChCqWWj6JIyNB1iLyHtTlRQc9jvziaEWCl1qxJb1DL-GQXikXR7Fnk44FCmBCQiixbPm1Ac62XTLKG71coIDPPYhw3NzUl3dqtDPLOBPT0Rnr5mrotnM=w464-h260-n-k-no,서울특별시 용산구 용산동2가 산1-3,"여행,명소>전망대"
노을공원,4.6,공원 및 야영,126.87489061984866,37.574671038283554,https://t3.gstatic.com/images?q=tbn:ANd9GcRmnOX9q-1D9L28qJSRbzU--F43gRbGShUg3XYVIRfiLxMXhkMmup2Tfe_ozbMiQbyNGRmY5zETZ_IqGA,서울특별시 마포구 상암동,"여행,명소>도시,테마공원"
경의선숲길,4.4,공원,126.92301594777882,37.562018279533476,https://lh4.googleusercontent.com/-749Yk5xvE8M/Wlgota9T8pI/AAAAAAABunY/Q16z5ceQoV8OeTfeNbtguiq9DrNx28wrACLIBGAYYCw/w464-h260-n-k-no/,서울특별시 마포구 연남동,"여행,명소>거리,골목"
도산공원,4.3,공원,127.03505504836343,37.52473633615155,https://lh6.googleusercontent.com/-YPXsfHQZkPQ/XTxUBPK8DII/AAAAAAAAIj8/Hm25T5pcaUk-aEmCmtGVe8QytZgpnW-2ACLIBGAYYCw/w464-h260-n-k-no/,서울특별시 강남구 신사동 649-9,"여행,명소>테마공원"
도봉산,4.5,"등산, 단풍, 등반, 하이킹 및 공원",127.01552327388879,37.698917157796046,https://t2.gstatic.com/images?q=tbn:ANd9GcTlLWpSCLqa-woKDCYLFut-A5YnmdT-5zMXF9hJVsnzS4yHz5JOjzJsfEZwoi5FlehkO4cChDeoJVDy2g,서울특별시 도봉구 도봉동,"여행,명소>산,고개"
난지한강공원,4.3,공원 및 야영,126.8744351734887,37.5673142706221,https://lh6.googleusercontent.com/-lDFud-7Ojek/XBbk0foEG9I/AAAAAAAKBXg/MRjCJyGbflUzRcIsd3vIvCGzmPPKqxtOgCLIBGAYYCw/w464-h260-n-k-no/,서울특별시 마포구 상암동 487-257,"여행,명소>시민공원"
인왕산,4.6,"산, 하이킹, 호랑이 및 등산",126.95787582648776,37.58495582998728,https://t2.gstatic.com/images?q=tbn:ANd9GcTYX882TZ2ZGACt-D01VrzDmJInL6uPnlw2ORBrBOzSDx6QtqDrrt4LQeIE1Q0gcH1xUdM-AcWD4d85ng,서울특별시 종로구 무악동 산2-1,"여행,명소>산,고개"
서울로 7017,4.1,정원 및 공원,126.97072850516923,37.55682083289362,https://t1.gstatic.com/images?q=tbn:ANd9GcRdak2X6VJnV7fq44AT7R2Y93UQdmTYGnuCjkVRoErjHyB1fu4NakByXx85NGf8fsug_LudPQjFwVuBag,서울특별시 중구 봉래동2가 122-16,지역명소>도보코스
성남중앙공원,4.5,자전거 도로가 있는 넓은 휴양 공간,127.12397205379662,37.377707073442984,https://lh6.googleusercontent.com/-YEltUxCKqDo/XJiEZ0DvLyI/AAAAAAAAWfs/X8wtJlA3x1I-6-CZUqvB4UXzrCbEVkDrACLIBGAYYCw/w464-h260-n-k-no/,경기도 성남시 분당구 수내동 65,"여행,명소>근린공원"
용산가족공원,4.5,공원,126.98336387500606,37.52228493547469,https://t1.gstatic.com/images?q=tbn:ANd9GcQZZTj74OAXEJZq0ExvvHzIfH9HstePwKC61zNK1-Z2sUn2YKYeSKeuSXMmt_6hWia_L_au1r6LVbyfWA,서울특별시 용산구 용산동6가 168-6,"여행,명소>근린공원"
서서울호수공원,4.4,산책로와 피크닉 장소가 있는 도심의 녹지 공간,126.83046247498082,37.527908641229835,https://lh5.googleusercontent.com/-E3dJVic8_fs/WX6eJymGDNI/AAAAAAAADBw/zBywqOgS5TgVJVKGKT_Q_R4g7D45Vv27wCLIBGAYYCw/w464-h260-n-k-no/,서울특별시 양천구 신월동 149-20,"여행,명소>도시,테마공원"
무릉도원수목원,4.4,공원,126.81850950107395,37.50313743206132,https://lh4.googleusercontent.com/-ocX5YZ8yvKg/WovqYmvTXoI/AAAAAAAB7S8/nnOtZggGi0cax53DeVrMZPPk0eZQZrITQCLIBGAYYCw/w464-h260-n-k-no/,경기도 부천시 춘의동 381,"여행,명소>식물원,수목원"
서대문독립공원,4.4,공원 및 역사,126.95679588853753,37.57389056254491,https://t2.gstatic.com/images?q=tbn:ANd9GcS3CeHfGtHKmAGCs2cmRBi-KQyk7kxGemH7D7iB86KK_x5WuPxGXwku_WzX-W0fPBnJX5Nl6Zt2u4bA8A,서울특별시 서대문구 현저동 101,"여행,명소>테마공원"
삼청공원,4.4,공원,126.98431785487885,37.58964615962505,https://lh4.googleusercontent.com/-EyDuIejEWNM/XLwrrVfesMI/AAAAAAAAUss/Bs97wsjRAkokjA_2494HO4elp_h2M-jigCLIBGAYYCw/w464-h260-n-k-no/,서울특별시 종로구 삼청동 산2-1,"여행,명소>근린공원"
(주)웅진플레이도시,4.0,실내 스키 & 워터파크,126.7441594160429,37.50039794880278,https://lh6.googleusercontent.com/-K93mTue8Jp0/XO42uRupdfI/AAAAAAABHH0/7GhKV99QEOcxuwuOwKOC_LFUlhZ4n_L8gCLIBGAYYCw/w464-h260-n-k-no/,경기도 부천시 상동 572-1,"여행,명소>테마파크"
시민의숲,4.4,단풍 및 공원,127.0350633005873,37.47128575618908,https://t3.gstatic.com/images?q=tbn:ANd9GcQ0A9sDDOn4ux8eWAZ8Ch6TALQ3n93508P4B4P6vhJSeTLt2KOVMvFGPlx_sTzLpsng9kUFC4tE1TvNfQ,서울특별시 서초구 양재동 236,"여행,명소>자연공원"
장충단공원,4.4,공원,127.00446155809217,37.558145900518625,https://t2.gstatic.com/images?q=tbn:ANd9GcQtGsMuOH0Zlo4BYdJMgN3B0ApA-1_cTczc6RvSQ0OPSfs4ifqtgyuDMgeebSmqM1Qd3uZQ1gARNXBiow,서울특별시 중구 장충동2가 196-1,"여행,명소>도시,테마공원"
신구대학교식물원,4.0,정원,127.08087346664706,37.4351122212965,https://lh3.googleusercontent.com/-6paVGNFtMJc/XNKNumw2kuI/AAAAAAAA-Fo/NimhI8OHjwgyCvQ-o5NWFaVjXm9ESqCfwCLIBGAYYCw/w464-h260-n-k-no/,경기도 성남시 수정구 상적동 산123-1,"여행,명소>식물원,수목원"
장흥자생수목원,3.3,수목원,126.94831313779844,37.743082126874484,https://lh3.googleusercontent.com/-JzqYgQPBugs/XcZ3qitp2zI/AAAAAAABdgA/C5rPryFzGy0eyWm9_8GsiFbvdPmA4oa8wCLIBGAYYCw/w464-h260-n-k-no/,경기도 양주시 장흥면 석현리 330-9,"여행,명소>식물원,수목원"
서울푸른수목원,4.4,정원 및 공원,126.82409387601754,37.48309087758386,https://lh3.googleusercontent.com/-iINWVyuESk4/Xce8Ok-c5VI/AAAAAAAAI9k/JfGg59Xn5Es1ZEh-NEMS4eDu6YRc5jH-ACLIBGAYYCw/w464-h260-n-k-no/,서울특별시 구로구 항동 222-16,"여행,명소>식물원,수목원"
효창공원,4.2,공원 및 역사,126.95995521664669,37.54529231427178,https://lh3.googleusercontent.com/-lqr3X8XrrX4/W0WfXxN-QYI/AAAAAAAHLL0/Pzq2QXU6k8wmi5WQHbfwiwX0_mX_3PkHwCLIBGAYYCw/w464-h260-n-k-no/,서울특별시 용산구 효창동,"여행,명소>도시,테마공원"
북서울 꿈의숲,4.5,산책로 및 아트 센터가 있는 거대한 공원,127.04076122601415,37.62339313116633,https://lh4.googleusercontent.com/-9iVjhDJy1Ys/XaBGA4xJg4I/AAAAAAAAQ_E/UqfmR_zrnGMH4kvQ1hV6spTgpUFVF1QmgCLIBGAYYCw/w464-h260-n-k-no/,서울특별시 강북구 번동 산28-6,"여행,명소>도시,테마공원"
몽마르뜨공원,4.3,공원,127.00372642965687,37.49506623494049,https://t0.gstatic.com/images?q=tbn:ANd9GcSYMpCcd708LGlNn1Bt6-mM7uzD2XWNUNSevxnFIpDXt29doKg8aXAtUVbWOztfHyPu53ruvVs5wBN7ww,서울특별시 서초구 반포동,"여행,명소>도시,테마공원"
낙성대,4.3,고요한 공간 & 장군의 탄생지,126.96032238370042,37.471436543787185,https://t1.gstatic.com/images?q=tbn:ANd9GcTuI17cJ1fm9De-n-Yo8Tp4g-5TJW-48_aH7xfcCVeUEsfXACLLXvDuZ0gkpoQ6ibAiRDjibKNyugj4Bw,서울특별시 관악구 봉천동 228,"여행,명소>도시,테마공원"
청계산,4.1,"등산, 단풍, 하이킹 및 산",127.04250156833783,37.42249047580424,https://t1.gstatic.com/images?q=tbn:ANd9GcR_qM5O4xaWjTDgwiCDYLQtKVZDxmRthRqt00T9fzCVjZwQBrF6zdq_vrGeqWqQ1sgrnln6fIm26IWp5w,경기도 과천시 막계동,"여행,명소>산,고개"
와룡공원,4.3,공원,126.99020094733129,37.590849900217954,https://t1.gstatic.com/images?q=tbn:ANd9GcQ9oq-fGabHhvuUQU29x6pOcrpMfwNQDJFjLWBGsqbNExv_3Yw2NNzzkgOVa4qvhI7HbhKvHlXQpyIC4Q,서울특별시 종로구 명륜3가 산2-14,"여행,명소>도시,테마공원"
망원한강공원,4.3,공원,126.89530366719636,37.55536518456068,https://lh6.googleusercontent.com/-skdIcb9lq58/WbMStkYgGKI/AAAAAAAAADc/Oawno2pRycUCGxGf2U9GGSO47Sq4JqUFACLIBGAYYCw/w464-h260-n-k-no/,서울특별시 마포구 망원동 205-4,"여행,명소>시민공원"
구리한강공원,4.1,공원,127.13683017719883,37.57485560075247,https://lh5.googleusercontent.com/-ZWSkD_RE90A/W35-WBJoxBI/AAAAAAAAjbQ/b6hDaT5h9GI7wePE8ZdeqjcyAuZsdg2RwCLIBGAYYCw/w464-h260-n-k-no/,경기도 구리시 토평동 829-2,"여행,명소>시민공원"
이촌한강공원,4.3,공원,126.96526104242224,37.519163482115324,https://lh3.googleusercontent.com/proxy/cwvqdo0xArlRirS2B_hX7ypM2YGb5Q-fuxkJyOb_Ea_BV8vT0TKZ5k40JpbMzUtqF_QWqrWuXPbCbBQiv_sdy2TrZzakuWmaSlhXsh4EPF3En1OtFpB_paOhDh1d6f47dY5SyWaRmty10WJR6dKURD7EU40=w464-h260-n-k-no,서울특별시 용산구 이촌동 302-17,"여행,명소>시민공원"
동대문성곽공원,4.4,공원,127.00939926310987,37.57162194577377,https://lh3.googleusercontent.com/proxy/U53WSo1QVk2FLKRCOCrG6WO2maFo6fpuDIM-a4qSlYSYEn1ulDb7SzOmmp9yun1zAOchl925aLq-YAaeR_0-9vj4I4RRDh7lj91LeS48vF0h1M2XsjlQlLcDqRfUFVBNjj9mQhSIoSCh4B3FZDysS5RU1jIt6jPRBME=w464-h260-n-k-no,서울특별시 종로구 종로6가,도로시설>방면정보
수락산,4.3,"등산, 단풍, 등반, 산 및 하이킹",127.08139126046046,37.6992947559493,https://t0.gstatic.com/images?q=tbn:ANd9GcTZNiqQzym1wBf2ZnOBE2e5xVkLp898Z9Yh2lYGXvs3wNAOCx1ubdAFa8qY_r67o3pcDZp1tDSwPHJ09w,서울특별시 노원구 상계동,"여행,명소>산,고개"
서리풀공원,4.3,공원,127.00197512542022,37.48814038318206,https://lh3.googleusercontent.com/-Z3IABuuN4GM/Wf2KbFOk0cI/AAAAAAAEPX0/VbL-MeLGmJUu6K5iQWrWT_w_sqw-Clx6QCLIBGAYYCw/w464-h260-n-k-no/,서울특별시 서초구 서초동 산165-4,"여행,명소>근린공원"
용마폭포공원,4.4,"공원, 등반 및 암벽등반",127.09061476985895,37.57325671038824,https://t1.gstatic.com/images?q=tbn:ANd9GcRc0recpdCtqahYO54I1ugxbWTGHqUZgSevPM8v-IpU16Z8KrV-OTUpBrd30Wc0MBIUG5Vq-ysDBuCsCw,서울특별시 중랑구 면목동 산1-4,"여행,명소>도시,테마공원"
광명동굴,4.2,동굴,126.86625283734071,37.42640296523952,https://t0.gstatic.com/images?q=tbn:ANd9GcSII6xmbp24LFKWdn5GCoZl_THx6GZmou8UKq0O66oi5wK6Hx4-EJT90hrlNe0YCUHW6cphWgO5MGipkw,경기도 광명시 가학동 27,"여행,명소>동굴"
부천자연생태박물관,4.3,공원,126.8166158305605,37.50488453268,https://lh4.googleusercontent.com/proxy/cgJty8u23jNZHL3ycQjmMRSP43STlvOj82TxgfajofDRZIbdRfNYdBWhA9i513_hg_hSEqflsGf6tMFZ6ZA__4TMzEVx8aJcV0SeGuXeZWy30WDIk2VOnf4Kan6WsC53wjLch7BjfG9YRMD1H9U7fA2VJn3GZMaxfyQ=w464-h260-n-k-no,경기도 부천시 춘의동 381,"여행,명소>박물관"
용도수목원,3.7,정원,126.82689909617312,37.41926153362569,https://t1.gstatic.com/images?q=tbn:ANd9GcTsKkq8JDeL2XZeDl4JokldAgLCQBF8khCY4gqH1e3cXXHy_8LqmGuFXb4YUhz667To6TNsSHdxnBlWfA,경기도 시흥시 매화동 산32-15,"여행,명소>식물원,수목원"
양재천,4.6,강 및 단풍,127.05745087226717,37.48816284702673,https://t0.gstatic.com/images?q=tbn:ANd9GcR7l5a_N9_pDrIbtgq5pE5kxgetE6rg7k1HMrJHjjydZNGfBWjIrfqQqxJ6ZMRqWjMFKT83lpQPrRKmXw,서울특별시 강남구 대치동,"여행,명소>강,하천"
잠실한강공원,4.4,공원 및 비치발리볼,127.09005154977284,37.51894593711174,https://lh6.googleusercontent.com/proxy/_nsGwbHjVUPzvN1toSJRmSPM67NrbboDpeKDc0lqkJ3A_J2PF4V7FUTlCGkwkkl_V7KVrLOnHCj3UZIDl0fFGf8yZktYx_0EobPLj4CIEYji0rFB1hHxfSeFcEgK04QJXefG32jxxYUTig3PhE4hrHOrhas=w464-h260-n-k-no,서울특별시 송파구 잠실동 1-1,"여행,명소>시민공원"
반포대교,4.3,강,126.99591608447227,37.51590461072467,https://lh5.googleusercontent.com/proxy/_xghCGAY5pS5ul2QaRbycc-Z_hnu3Q12E2_a8HRvO-4KvzOrU3lWPf4y5G06k4_wH1i_uQaAyGwwT9ZkDMimZSPJGa8fRnB28dKh2QT5r-bozX2utWDOBW1-H78ug9fzHCpIb-yzSLHBPGC7uojsDqCRVQp5LgmI5mw=w464-h260-n-k-no,서울특별시 서초구 반포동,도로시설>교량명
광나루한강공원,4.1,공원,127.12460343025525,37.55839359894915,https://lh3.googleusercontent.com/proxy/HGtEVNovMrYOq0Wl4OtWp1Esv5r9Xs0qslP0rzFzRZORPk38bApt7mbXYppk1e4XTqizNXJ_m2lS5g6AjWCuCI0xw_CU0KgbvH-x0PSoYf1DcCv4Sf1NEUuqinkfr058IMLYg1uyTxsea5GAjuAIwoSP-VY=w464-h260-n-k-no,서울특별시 강동구 암사동 637-6,"여행,명소>시민공원"
인천대공원,4.4,"공원, 단풍 및 정원",126.76100626373903,37.45746103629446,https://lh5.googleusercontent.com/-m25WaM-bHT8/XDf0TdHPlqI/AAAAAAAAQEo/4lo0XqPAefEF96O8PmTOO60vUJfRlMtVwCLIBGAYYCw/w464-h260-n-k-no/,인천광역시 남동구 장수동 산164,"여행,명소>테마공원"
서소문역사공원,4.5,공원,126.96945350641514,37.5606481660565,https://lh5.googleusercontent.com/-9lnbVUkWdoQ/XZXqTmqbfEI/AAAAAAAB6B0/I7y-7pKfnnMK-LzyEPthtpipuyWdvrHCwCLIBGAYYCw/w464-h260-n-k-no/,서울특별시 중구 의주로2가  16-4,"여행,명소>근린공원"
불암산,4.5,"등산, 산 및 등반",127.09530570574323,37.66373029141284,https://lh6.googleusercontent.com/-Wq2ij5fK8Lw/W7KV3TRtWHI/AAAAAAAAKrA/__Poff1KR-knpabsRtFhCmTC8c7ChfuNwCLIBGAYYCw/w464-h260-n-k-no/,서울특별시 노원구 상계동,"여행,명소>산,고개"
