지명,평점,상세설명,mapy,mapx,이미지링크,주소,카테고리
Olympic Park,4.6,Olympic park from 1988 Seoul games,37.5206868,127.1214941,https://lh4.googleusercontent.com/proxy/bPmJRXDTNG-GWmbL6zOpJigzgFY141L4YDRyVMpKpxZUneCAEQCTt6xDC2gFIej0XIU6tetiZOuy9xrAnyacOssop3DBf3olPj3bnby3l3kjA_Fc53tcn1cs2tIlE9HwwruKUe2MnLH5DDAheRckgGgR4uo=w464-h260-n-k-no,"424 Olympic-ro, Oryun-dong, Songpa-gu, Seoul, South Korea",Outdoors Art&Culture Kind-friendly
Hangang Park,4.1,Park,37.5097812,126.994744,https://t3.gstatic.com/images?q=tbn:ANd9GcQE59d4vH5ZpsmXvgH8jGNi4lxhoZQtDnxPtM0GhIHe6T0VEHlvMyHfEaaEvRuUewqAqqQLTFuqbtQnmA,"40 Sinbanpo-ro 11-gil, Banpo 2(i)-dong, Seocho-gu, Seoul, South Korea",Outdoors Art&Culture Kind-friendly Nightview
Yeouido Park,4.3,"Park, ice skating, and garden",37.523816,126.918916,https://t2.gstatic.com/images?q=tbn:ANd9GcTF7lAorTF5UZjEoN8oB7Kexa2z9QRzDcD4Wb3ETjhvmQvKUnqc0uoMS9JmEQp9AsLhP5ehzXYT-mJkUQ,"68 Yeouigongwon-ro, Yeoui-dong, Yeongdeungpo-gu, Seoul, South Korea",Outdoors
Ilsan Lake Park,4.5,"Waterside park with trails, art & events",37.6567441,126.7662508,https://t2.gstatic.com/images?q=tbn:ANd9GcSccGgWoZf3bzr4Pz4KNw01TLt-zjiIMqnK4KksCWSamlU1rZU87kDv97UyycD-8rf_Nqvr3Fmmv31Q0g,"595 Hosu-ro, Janghang-dong, Ilsandong-gu, Goyang-si, Gyeonggi-do, South Korea",Outdoors Art&Culture Kind-friendly
Bukhansan National Park,4.6,Mountain park with trails & temples,37.6197679,126.9955839,https://t1.gstatic.com/images?q=tbn:ANd9GcSKt4FaTYm9vqPE1fhyb0Y4blaeyns1cJgq8jAkLVsUB1VLKt4vQrxS6FBNkZ7KyQTRsMY_9ygOJCj6Xw,"262 Bogukmun-ro, Jeongneung-dong, Seongbuk-gu, Seoul, South Korea",Outdoors Kind-friendly Nightview
World Cup Park,4.4,Massive park with a golf course & river,37.5639074,126.8973166,https://t1.gstatic.com/images?q=tbn:ANd9GcRwUh3-pDPtAe25xVnL7Asx4E9W1uHiJM4AytVPyYR2LZi6FOuckUsfCAkP6wVbr6YFL3U3lF9okVElgQ,"243-60 Woldeukeom-ro, Seongsan 2(i)-dong, Mapo-gu, Seoul, South Korea",Outdoors History
Haneul Park,4.4,Park with tall grass & scenic views,37.5674467,126.885455,https://t3.gstatic.com/images?q=tbn:ANd9GcTzidYEJ8x_eNTdL3B8s1QlDvYzSj3wZdy7p_yOL-Fa5_H5wFVx96swARSozykzAZGoAbX4wavdkq15vg,"487-48 Sangam-dong, Mapo-gu, Seoul, South Korea",Outdoors Art&Culture Kind-friendly Nightview
"Children's Grand Park, Seoul",4.4,"Amusement park, playground & zoo",37.5482248,127.0808374,https://lh3.googleusercontent.com/proxy/aimNj15a29jOyryYrjd8lXYV9a-4JXHek7GSVJcBTYgmieZUiKvSC8zN1f6QBqEUN7H4pM-bvFBnoIwGjnYAVuF1pfoMSsFimko0UZXWjoZqpyTN34vFH2giq4dfcmsAWV-Pt62oRWSyx88ojADXRasy0xA=w464-h260-n-k-no,"216 Neungdong-ro, Neung-dong, Gwangjin-gu, Seoul, South Korea",Outdoors Kind-friendly
Namsan,4.5,"Mountain, autumn leaf color, and park",37.55375859999999,126.9809696,https://t0.gstatic.com/images?q=tbn:ANd9GcRF3GjVhrU4N9jAUKtOJ802eFORBDmlzEXqO1fyCgilS4YMSoUte5zWgcnk1z3G03bvSnZJQAtcREB3Gw,"Namsan, Hoehyeondong 1(il)-ga, Seoul",Outdoors Art&Culture Kind-friendly Nightview SeoulFutureHeritage
Seoul Grand Park,4.3,Entertainment area with zoos & exhibits,37.4275247,127.0170252,https://lh6.googleusercontent.com/-JJtH8kOdzwc/WCrLPI-Tc5I/AAAAAAAAyF0/Dr2Ds6vzOukmffk6M2sevRZEnEmnuwP6wCLIBGAYYCw/w464-h260-n-k-no/,"102 Daegongwongwangjang-ro, Makgye-dong, Gwacheon-si, Gyeonggi-do, South Korea",Outdoors Art&Culture Kind-friendly
Naksan Park,4.5,Park and art,37.5806571,127.0074835,https://t1.gstatic.com/images?q=tbn:ANd9GcSdup9ddQ-dKg33Yzp-Zy64PQv3HIArpARAlFywoxKU37fo5GKoDNCo0FhN_M_qZX6y1RIvW_Mba8FspA,"41 Naksan-gil, Ihwa-dong, Jongno-gu, Seoul, South Korea",Outdoors Kind-friendly Nightview
Cheonggyecheon,4.2,Urban park space with a restored stream,37.5713521,127.0246275,https://lh3.googleusercontent.com/proxy/33kvnI7scqpdrd1P8OsAPSCWQEHIHZ8mJ6ykJIEXrq_UbLwAGSvVCw2TioqIH-kbBs7ISm8NNabr3zTdO0RpGU6LZThFEvPAdSa3mPIn1EY9umXpdTNWBIXG24d7VdQipbTiCZDyAEauIzF2s-3MS1_3ShY=w464-h260-n-k-no,"Cheonggyecheon-ro, Yongsin-dong, Jongno-gu, Seoul, South Korea",Outdoors Art&Culture Kind-friendly SeoulFutureHeritage
Hongneung Arboretum,4.4,Scenic destination with nature trails,37.5935327,127.0439623,https://lh6.googleusercontent.com/-1XiMgDKGBoQ/XLBY9zY3s4I/AAAAAAABNlI/hQqZSFJMRh84H7U8SigqRSWP-FWaZvErgCLIBGAYYCw/w464-h260-n-k-no/,"57 Hoegi-ro, Cheongnyangri-dong, Dongdaemun-gu, Seoul, South Korea",Outdoors Kind-friendly
"Seonyudo, Seoul",4.5,Park and garden,37.5437306,126.8996445,https://t2.gstatic.com/images?q=tbn:ANd9GcSH_UdPyzmLMGxXnICf_Jy1y7cYJ4lelDFcfjGLxmtfizYZldH0oOy7YdGMnEcu30zwMM9VTRHP0Esptg,"1 Dangsan-dong, Yeongdeungpo-gu, Seoul, South Korea",Outdoors
Bukhansan,4.6,"Triple-peaked mountain, a local landmark",37.660833,126.993333,https://lh5.googleusercontent.com/proxy/kcYL5RY-n5su7J9V-HV-3WoorobhpRtietrm6E-FcMZvAMUHr9ZhVND5nL_qIp5DDqlDpMi4Md9giZ3vQWOucHf3iKjkmjx3dRoPGcb69Qkob9-Ww3--1KfnVL3EKzrZXhMlPu8m8WDxItqMZQTeedcSeok=w464-h260-n-k-no,"Bukhansan, Ui-dong, Seoul",Outdoors Kind-friendly Nightview
Namsan Mountain Park,4.5,Park,37.5509895,126.9908991,https://t1.gstatic.com/images?q=tbn:ANd9GcTG6D-KwO2xl_b5NesabKFmtK5HLxKZ4Zgj-sWp5pkF5CRPIwc9_USPKpYILRI5nkWraB2V2EslLeaHaQ,"231 Samil-daero, Yongsan 2(i)ga-dong, Jung-gu, Seoul, South Korea",Outdoors Nightview Sunrise SeoulFutureHeritage
Banpo Hangang Park,4.3,Park,37.5097812,126.994744,https://lh3.googleusercontent.com/-rHPgQWagwGE/XRIAGsnJzuI/AAAAAAABSjg/yDZCOAt--YsHYCdSGg9tIwcmOKh6p2UrQCLIBGAYYCw/w464-h260-n-k-no/,"40 Sinbanpo-ro 11-gil, Banpo 2(i)-dong, Seocho-gu, Seoul, South Korea",Outdoors Nightview
Tapgol Park,3.7,"Public park with 10-story, stone pagoda",37.5711455,126.9883295,https://lh4.googleusercontent.com/-yhFWkMyII6M/XaF0ZeIvSnI/AAAAAAAAiv0/fBbJ0tslDtgpdGXojZBJgKloERrdxWVXQCLIBGAYYCw/w464-h260-n-k-no/,"99 Jong-ro, Jongno 2(i)-ga, Jongno-gu, Seoul, South Korea",Outdoors History Kind-friendly
Ttukseom Han River Park,4.4,Park and sledding,37.5291281,127.0713459,https://t3.gstatic.com/images?q=tbn:ANd9GcTxeUg8L3EOAch05vHbEiTJlxhA4DggXoWMTL2c2atAayHFwsC32qnpZycIzwdTiCVyv3x4ymQOGdwr4g,"South Korea, Seoul, Gwangjin-gu, Jayang-dong, 704-1",Outdoors Kind-friendly Nightview
Seoul Color Park,4.5,Expansive riverside park with a pool,37.5284017,126.9343012,https://t0.gstatic.com/images?q=tbn:ANd9GcSPbyFBmGlAkyn3xqEWWB_jOkD9g5N9TqBahmcj4QfPN7kzRcFkQFN0J1bbzI3HeBkEKoZ4P1Ezx0Xrmg,"330 Yeouidong-ro, Yeoeuido-dong, Yeongdeungpo-gu, Seoul, South Korea",Outdoors
Boramae Park,4.4,"Spacious, grassy recreational area",37.4932343,126.9197115,https://lh6.googleusercontent.com/-moC91Yo8X7o/XXssL72qu9I/AAAAAAAAZI4/pK4WA7gPqAMgT9zKaKGxuc149PmhV0vmwCLIBGAYYCw/w464-h260-n-k-no/,"33 Yeouidaebang-ro 20-gil, Sindaebang 2(i)-dong, Dongjak-gu, Seoul, South Korea",Outdoors Kind-friendly
Gwanaksan,4.5,"Mountaineering, autumn leaf color, climbing, mountain, and park",37.4429385,126.9610024,https://t2.gstatic.com/images?q=tbn:ANd9GcS63ARPqVCXyDQ9rfDa0iBaxlgUFeopsSVtk_FmNh3YjmpbTenwqeXXB2mqSasEBCm8VEgB4VokSjYxZg,"Gwanaksan, Jungang-dong, Gwacheon-si",Outdoors Kind-friendly Nightview
Secret Garden,4.8,"Palace, garden, and autumn leaf color",37.5170736,127.0365211,https://t1.gstatic.com/images?q=tbn:ANd9GcSbBpErtsVqmBSTpFmArqtbQHCqbG4bB7IXRtiyTM17UxwkO8ruYsIB4sGS-b9YHWFHgpn5RrIZDF0hWA,"South Korea, KR 서울특별시 강남구 언주로 134길 11-5 리스컴빌딩 1층",Outdoors History Art&Culture
Fortress Wall of Seoul,4.6,"History, park, and mountain",37.5779633,127.0084459,https://t3.gstatic.com/images?q=tbn:ANd9GcQshAWytVKZDVBDX8-y38Vpq3yXyKpAfOhnhaf6UCbrTYxGqKzMlCzpFF7IBBGR0c7MfLa_SnWb9aQrjw,"622-83 Changsin-dong, Jongno-gu, Seoul, South Korea",Outdoors History Art&Culture Kind-friendly
Seoul Land,4.2,"Korea's first theme park, opened in 1988",37.4341563,127.0201267,https://t0.gstatic.com/images?q=tbn:ANd9GcSyfpENLfXblXAydzlzTP-Gcp_S0n8VNl9XqroRPtcnKT3jkxoo8VnCXGBg3prpDprQvsfL60nI9mxFKQ,"181 Gwangmyeong-ro, Makgye-dong, Gwacheon-si, Gyeonggi-do, South Korea",Outdoors Art&Culture Kind-friendly
Noeul Park,4.6,Park and camping,37.5735764,126.8752845,https://t3.gstatic.com/images?q=tbn:ANd9GcRmnOX9q-1D9L28qJSRbzU--F43gRbGShUg3XYVIRfiLxMXhkMmup2Tfe_ozbMiQbyNGRmY5zETZ_IqGA,"486-6 Sangam-dong, Mapo-gu, Seoul, South Korea",Outdoors
Marronnier Park,4.2,Park and art,37.5805009,127.0028245,https://lh4.googleusercontent.com/-lZGUKDezp4M/XV18IhfhE-I/AAAAAAAAP_s/DWyb1I-oELk6VxOJ3lyuSpK3YWtcl0SfACLIBGAYYCw/w464-h260-n-k-no/,"1 Daehak-ro 8-gil, Ihwa-dong, Jongno-gu, Seoul, South Korea",Outdoors Kind-friendly
Dosan Park,4.3,Park,37.5244813,127.0353667,https://lh3.googleusercontent.com/--VxYc-4BUaw/WSgTqfsz4UI/AAAAAAABeRU/te3qjyHBaj0UJyUwBd0fEMNC_Rje59DqACLIB/w464-h260-n-k-no/,"20 Dosan-daero 45-gil, Sinsa-dong, Gangnam-gu, Seoul, South Korea",Outdoors
Bundang Central Park,4.5,Big recreational area with a bike trail,37.3770785,127.1237901,https://lh3.googleusercontent.com/-gJqPJ7IWPXU/XaGSis9jlkI/AAAAAAABP4E/fdDDKk6HcXQa6DXfkACNcUYt7jnMV_3AwCLIBGAYYCw/w464-h260-n-k-no/,"550 Seongnam-daero, Sunae-dong, Bundang-gu, Seongnam-si, Gyeonggi-do, South Korea",Outdoors Kind-friendly
Dobongsan,4.6,Lush peak with big rocks & an old temple,37.7004635,127.0156843,https://t2.gstatic.com/images?q=tbn:ANd9GcTlLWpSCLqa-woKDCYLFut-A5YnmdT-5zMXF9hJVsnzS4yHz5JOjzJsfEZwoi5FlehkO4cChDeoJVDy2g,"Dobongsan, Dobong 1(il)-dong, Seoul",Outdoors Kind-friendly
Gyeongui Line Forest Park,4.4,Park,37.5588868,126.9254274,https://lh5.googleusercontent.com/-dprE1hTzn_g/Wlgn22LnHAI/AAAAAAABuAs/c_5cAGqfsronPVbE9E1_e81-wjmjZN_dQCLIBGAYYCw/w464-h260-n-k-no/,"147-89 Donggyo-dong, Mapo-gu, Seoul, South Korea",Outdoors SeoulFutureHeritage
N Seoul Tower,4.4,Tower with city views & a restaurant,37.5511694,126.9882266,https://lh3.googleusercontent.com/proxy/uNI79ZyOCsBsGaBWfQq4jpon9OQHYU9vxSR2VT7yjhgSzh5y-KcDToXbermJS7nKRLMab10JirhscpXUQ0vib30jmjwOyHFYMWNNGn4Se7vh_8As3PJOw9Qh14Hg2D8oV8bU1L3YEOnDTyq43t3koaKiE2w6MBBd4ooau0Y5Yj8l=w464-h260-n-k-no,"105 Namsangongwon-gil, Yongsan 2(i)ga-dong, Yongsan-gu, Seoul, South Korea",Outdoors Kind-friendly Nightview
Inwangsan,4.6,"Mountain, hiking, tiger, and mountaineering",37.5849489,126.9593042,https://t2.gstatic.com/images?q=tbn:ANd9GcTYX882TZ2ZGACt-D01VrzDmJInL6uPnlw2ORBrBOzSDx6QtqDrrt4LQeIE1Q0gcH1xUdM-AcWD4d85ng,"Inwangsan, Ogin-dong, Seoul",Outdoors Kind-friendly
Seokchon Lake Park,4.5,"Park, autumn leaf color, and lake",37.5097431,127.1030184,https://lh3.googleusercontent.com/-0wFmT4NeAQA/VSpeyLB2nUI/AAAAAAAABmE/n-supt8hDDEiGDm3v_O2V-f6XHJASHFkQCJkC/w464-h260-n-k-no/,"47 Jamsil-dong, Songpa-gu, Seoul, South Korea",Outdoors Art&Culture
Seoullo 7017,4.1,Garden and park,37.5565311,126.9752311,https://t1.gstatic.com/images?q=tbn:ANd9GcRdak2X6VJnV7fq44AT7R2Y93UQdmTYGnuCjkVRoErjHyB1fu4NakByXx85NGf8fsug_LudPQjFwVuBag,"18 Toegye-ro, Namdaemunno 5(o)-ga, Jung-gu, Seoul, South Korea",Outdoors
Mureungdowon Arboretum,4.4,Park,37.504907,126.8161883,https://lh5.googleusercontent.com/-dZ7lu75NX9c/WcMX6dUCB7I/AAAAAAAAAJQ/sCzRt234oxoCICPIT6FJUX20GjqMevS5ACLIBGAYYCw/w464-h260-n-k-no/,"381 Chunui-dong, Wonmi-gu, Bucheon-si, Gyeonggi-do, South Korea",Outdoors
West Seoul Lake Park,4.4,City green space with paths & picnicking,37.527672,126.829852,https://lh4.googleusercontent.com/--eZEIEXvoHQ/WbFILlCSGrI/AAAAAAAAFME/ZGBOtX7OQUUzR-2LciXNBsZMGHuY_Z20wCLIBGAYYCw/w464-h260-n-k-no/,"20 Nambusunhwan-ro 64-gil, Sinwol 3(sam)-dong, Yangcheon-gu, Seoul, South Korea",Outdoors
Woongjin Play Doci,4.0,Indoor skiing & a water park,37.500122,126.7442542,https://lh4.googleusercontent.com/-6tJddBcNK2w/WhJnE1j99uI/AAAAAAABaWk/fNK1kDLPmmUrZDFVsZYxdhCK-RMCIkW4gCLIBGAYYCw/w464-h260-n-k-no/,"South Korea, Gyeonggi-do, Bucheon-si, Wonmi-gu, Jomaru-ro, 2 KR",Outdoors
Deoksugung,4.5,Palace with a Royal Guard ceremony,37.5658049,126.9751461,https://lh6.googleusercontent.com/proxy/y6O4pjuN0rgxx9dR49uIBC3e3Ko9_vP6RH_1pR5mEPatmp0STM35M8atOZEkuuryKvFBeF-537PAu-WMD_QFRjfj87pVT1Od7ljIAscifQOjlJo71bDlWd6FwbUCj9ENsaQGQ0LkKEn1QDvIiMPqGS_EhgctW8YNo05egx9WwKjy=w464-h260-n-k-no,"99 Sejong-daero, Jeong-dong, Jung-gu, Seoul, South Korea",Outdoors History Art&Culture Kind-friendly
Yongsan Family Park,4.5,Park,37.5216852,126.9839703,https://t1.gstatic.com/images?q=tbn:ANd9GcQZZTj74OAXEJZq0ExvvHzIfH9HstePwKC61zNK1-Z2sUn2YKYeSKeuSXMmt_6hWia_L_au1r6LVbyfWA,"185 Seobinggo-ro, Yongsandong 6(yuk)-ga, Yongsan-gu, Seoul, South Korea",Outdoors Kind-friendly
Ihwa Mural Village,4.0,Outdoor network of murals & sculptures,37.5779788,127.0071915,https://t3.gstatic.com/images?q=tbn:ANd9GcTWxE9p3RdQov59gz6iP5a-yXeBYVnrAEHBhcvH8sIT6EsP5IhmTDv2Vog0U_0y01cBin89G9Af3UmORw,"49 Naksan 4-gil, Ihwa-dong, Jongno-gu, Seoul, South Korea",Outdoors Art&Culture
삼청공원,4.4,Park and autumn leaf color,37.5903931,126.9859125,https://lh5.googleusercontent.com/-S245RDLoiog/XTUJLFSWaoI/AAAAAAAAHO4/oazUkowAdV44-2nhlqVnGkvk7Fr1jNH2QCLIBGAYYCw/w464-h260-n-k-no/,"Samcheong-dong, Jongno-gu, Seoul, South Korea",Outdoors
Seodaemun Independence Park,4.4,"Historic ruins, a museum & exhibits",37.5740613,126.9563603,https://t2.gstatic.com/images?q=tbn:ANd9GcS3CeHfGtHKmAGCs2cmRBi-KQyk7kxGemH7D7iB86KK_x5WuPxGXwku_WzX-W0fPBnJX5Nl6Zt2u4bA8A,"247 Tongil-ro, Hyeonjeo-dong, Seodaemun-gu, Seoul, South Korea",Outdoors Kind-friendly
Seoul World Cup Stadium,4.3,Well-known stadium with a mall & cinema,37.5682588,126.8972774,https://lh6.googleusercontent.com/-VeT5NCYb63s/XUp6aAVGsbI/AAAAAAAAMeE/3nEU-msCHTgAH7KLgmalcoB9f2D2QXsnQCLIBGAYYCw/w464-h260-n-k-no/,"240 Woldeukeom-ro, Seongsan 2(i)-dong, Mapo-gu, Seoul, South Korea",Outdoors Art&Culture Kind-friendly
Yangjae Citizens' Forest,4.4,Large park with recreational facilities,37.4706864,127.0355777,https://t3.gstatic.com/images?q=tbn:ANd9GcQ0A9sDDOn4ux8eWAZ8Ch6TALQ3n93508P4B4P6vhJSeTLt2KOVMvFGPlx_sTzLpsng9kUFC4tE1TvNfQ,"236 Yangjae 2(i)-dong, Seocho-gu, Seoul, South Korea",Outdoors Kind-friendly
Mongchontoseong,4.5,"Park, archaeological site, history, and historic site",37.5219281,127.122853,https://lh5.googleusercontent.com/-b_YNwmDvX2Q/XQJQYUnaxXI/AAAAAAAAANA/RtB6C77QCnEwV2ppvFVh17mh8icF2KILgCLIBGAYYCw/w464-h260-n-k-no/,"424 Olympic-ro, Oryun-dong, Songpa-gu, Seoul, South Korea",Outdoors History Kind-friendly
Namhansanseong,4.3,"Autumn leaf color, mountaineering, history, historic site, and mountain",37.481568,127.1848001,https://t1.gstatic.com/images?q=tbn:ANd9GcTuI17cJ1fm9De-n-Yo8Tp4g-5TJW-48_aH7xfcCVeUEsfXACLLXvDuZ0gkpoQ6ibAiRDjibKNyugj4Bw,"661 Sanseong-ri, Jungbu-myeon, Gwangju-si, Gyeonggi-do, South Korea",Outdoors History Art&Culture Kind-friendly Nightview
Lotte World,4.2,Adventure & water park with an aquarium,37.5111158,127.098167,https://lh4.googleusercontent.com/proxy/K96bOuzEbzd-zxjXkC5OQ_Uu6UH4gzfDLQ-6EqkZMGOanjKrpHJY1u159xisHd7XLr2OTNiveae88IkDuawC6BkfNLsRMH9SVcIhGIFrzTnSPmPfl8YFGCJ6rdzSmk2I34RpCoL3CE4mpLD-7biLwz5vOnsAx_wpB6cRcmMaw-sL=w464-h260-n-k-no,"240 Olympic-ro, Jamsil-dong, Songpa-gu, Seoul, South Korea",Outdoors Art&Culture Kind-friendly
Pureun Arboretum,4.4,Garden and park,37.48398359999999,126.8255942,https://lh4.googleusercontent.com/-jqVIDrITJ0c/XYWr6_N9nSI/AAAAAAAAI7g/JhwuEcXEZeo9tIiZ5wS2JtDGJ7Q_WvjdwCLIBGAYYCw/w464-h260-n-k-no/,"96-4 Hang-dong, Guro-gu, Seoul, South Korea",Outdoors
Guri Hangang Park,4.1,Park,37.5746478,127.1362039,https://t0.gstatic.com/images?q=tbn:ANd9GcQUiE2fHIhdjJQgDm7SG9QSsNpTuuQWVhuC3iGifR6BHhAU7_ovBEBvBLyUp0y5ottTIU9bbtnEIVE7wQ,"Topyeong-dong, Guri-si, Gyeonggi-do, South Korea",Outdoors Nightview
장흥자생수목원,3.3,Arboretum,37.7437904,126.9496895,https://lh5.googleusercontent.com/-PVxootyA6Ow/XNaUqPvwATI/AAAAAAAAS2Q/2oeO5QrOD8441ZUnWLZst26bFAf7LCUZACLIBGAYYCw/w464-h260-n-k-no/,"산162-1 Seokhyeon-ri, Jangheung-myeon, Yangju-si, Gyeonggi-do, South Korea",Outdoors
Nakseongdae,4.3,Tranquil place & a general's birthplace,37.4711007,126.95999,https://t0.gstatic.com/images?q=tbn:ANd9GcSYMpCcd708LGlNn1Bt6-mM7uzD2XWNUNSevxnFIpDXt29doKg8aXAtUVbWOztfHyPu53ruvVs5wBN7ww,"77 Nakseongdae-ro, Bongcheon-dong, Gwanak-gu, Seoul, South Korea",Outdoors
Mangwon Hangang Park,4.3,Park,37.5557262,126.8945702,https://lh6.googleusercontent.com/-0hPhY66Ducs/XVv85XXV5ZI/AAAAAAAAtQ0/3nfdCZCwzkwn12sldJzWja95-Qzvs-t_QCLIBGAYYCw/w464-h260-n-k-no/,"South Korea, 서울특별시 마포구 마포나루길 467 (망원동) 망원한강공원 내",Outdoors Nightview
신구대학교식물원,4.0,Garden,37.433886,127.081463,https://lh3.googleusercontent.com/-5SLwJOvXiY4/XTqtEMt6z2I/AAAAAAAAORs/0yDh7gbz70Ipctlq0hA_p4XJQRvQSLVigCLIBGAYYCw/w464-h260-n-k-no/,"South Korea, Gyeonggi-do, Seongnam-si, Sujeong-gu, 적 푸리 로 9 상적동 123-1)",Outdoors
Seonyudo Park,4.4,Park,37.5437306,126.8996445,https://t1.gstatic.com/images?q=tbn:ANd9GcRc0recpdCtqahYO54I1ugxbWTGHqUZgSevPM8v-IpU16Z8KrV-OTUpBrd30Wc0MBIUG5Vq-ysDBuCsCw,"1 Dangsan-dong, Yeongdeungpo-gu, Seoul, South Korea",Outdoors
Montmarte Park,4.3,Park,37.49509949999999,127.0035246,https://lh4.googleusercontent.com/-tOHZtTSA70s/XYyXKM5Z2KI/AAAAAAAAA9k/4JkFPu1fzDkKGYKIqR4lx5v4Aj17WnSDwCLIBGAYYCw/w464-h260-n-k-no/,"Seocho-dong, Seocho-gu, Seoul, South Korea",Outdoors
Changgyeonggung Palace,4.6,Royal palace built in the 15th century,37.5787708,126.9948698,https://lh3.googleusercontent.com/proxy/57gl0BM3J7QPNRa6cXdVzE39eKCbdV8lFzCv5XdyDzq2ddzeVK1NF0_-p03aAEzFIees08ERx_w9q8OOb2A2CbnPh_z1Yy8XwKI-3oCQ1RzluE_XMCMppSCKvesfCfQaujb5Hy9lfZmmG5o50Ton6tcQ1D7iR-VutKYX8migdhm2=w464-h260-n-k-no,"185 Changgyeonggung-ro, Waryong-dong, Jongno-gu, Seoul, South Korea",Outdoors History Art&Culture Kind-friendly Local-favorites Nightview
Jangchungdan Park,4.3,Park,37.5577308,127.0043005,https://t2.gstatic.com/images?q=tbn:ANd9GcQtGsMuOH0Zlo4BYdJMgN3B0ApA-1_cTczc6RvSQ0OPSfs4ifqtgyuDMgeebSmqM1Qd3uZQ1gARNXBiow,"Jangchungdong 2(i)-ga, Jung-gu, Seoul, South Korea",Outdoors
Gyeongbokgung Palace,4.6,Historic palace with tours & a museum,37.579617,126.977041,https://lh6.googleusercontent.com/proxy/OgpZZyyaQtQq30C5KM7IEb9kxDBVrlyOMy1GzCmZpNoBguS2vFv0gDtlqPwgzIPFoFEsK3eTQKhW74_VLypckQDH-tzcqBV-we8CTGSeQ8H509isTSFBG4TsA_xvHayw6ZvrxqrjMXeaNkgOZx5YAV_oayQ=w464-h260-n-k-no,"161 Sajik-ro, Sejongno, Jongno-gu, Seoul, South Korea",Outdoors History Art&Culture Kind-friendly
Cheonggyesan,4.1,"Mountaineering, autumn leaf color, mountain, and hiking",37.4141657,127.0415787,https://lh6.googleusercontent.com/proxy/IBb2T8EdWi1ZgCmD2jQ6VKsxUSl1XhoUU6Gj3n4bjZWBZ-SnVJxC43i0fYQdMvfokNAHqu3UIIgGbeayxuh-wodtfPrH2jcT_Sq_1FO4nrDP7tyIVDuZjZ0ZdYX-m9xmiawkKr7XJXDvbFeoiufmVyohBI6BgsxIFYg=w464-h260-n-k-no,"Cheonggyesan, Sangjeok-dong, Seongnam-si",Outdoors Kind-friendly
Hyochang Park,4.2,City park & former royal cemetery,37.5450482,126.9603142,https://lh3.googleusercontent.com/-aNV3WAgl2Mc/W0MufpdYFgI/AAAAAAAAcEQ/8u3iKvmrEX0LjwrUy6imfLV-kNc4X1CigCLIBGAYYCw/w464-h260-n-k-no/,"177-18 Hyochangwon-ro, Hyochang-dong, Yongsan-gu, Seoul, South Korea",Outdoors Kind-friendly Nightview
Ichon Hangang Riverside Park,4.3,Park,37.5159703,126.9758314,https://lh4.googleusercontent.com/-97a9pIqy-fg/XZdYlROC8II/AAAAAAAAnxM/mFG8mA5w0WgEv2SmqBAxgkGaPO9xq7m-QCLIBGAYYCw/w464-h260-n-k-no/,"62 Ichon-ro 72-gil, Ichon-dong, Yongsan-gu, Seoul, South Korea",Outdoors Nightview
North Seoul Dream Forest,4.5,Sprawling park with trails & art center,37.6214313,127.0406246,https://lh5.googleusercontent.com/-fgznBtNepmI/WJlQ8cTSjDI/AAAAAAAAAF4/RSt8fEK6ooM2dhKu_-BOaR787RUlC9vjgCLIB/w464-h260-n-k-no/,"173 Wolgye-ro, Beon-dong, Gangbuk-gu, Seoul, South Korea",Outdoors Kind-friendly
동대문성곽공원,4.4,Park,37.5719236,127.0090775,https://lh4.googleusercontent.com/-BKRLtTMvN5E/XU_cWRSqTGI/AAAAAAABS5M/tL5754eQjKYyYeA0i1x9AgjkhO8jOqP6gCLIBGAYYCw/w464-h260-n-k-no/,"70 Jongno 6(yuk)-ga, Jongno-gu, Seoul, South Korea",Outdoors
Waryong Park,4.3,Park,37.5905876,126.9906065,https://t1.gstatic.com/images?q=tbn:ANd9GcR_qM5O4xaWjTDgwiCDYLQtKVZDxmRthRqt00T9fzCVjZwQBrF6zdq_vrGeqWqQ1sgrnln6fIm26IWp5w,"192 Waryonggongwon-gil, Myeongnyun 3(sam)ga-dong, Jongno-gu, Seoul, South Korea",Outdoors
Seoul Forest,4.5,"Huge, tree-filled park with a lake",37.5443878,127.0374424,https://lh5.googleusercontent.com/proxy/KL9Azz3-v7Exflb717Kn7ueaOfLOYmWr_pjK4EJ2qqFJfphutMdmD4a9_LvfNrUrKETBZgZ9ZbeKyqo71GfsYBw_vETsI7JiAbjfpPujfoQny2Wr9vmxFYnNzxCnKJd26Lhq5101H-KKPc3mhH45pkBfobU=w464-h260-n-k-no,"273 Ttukseom-ro, Seongsu-dong 1(il)-ga, Seongdong-gu, Seoul, South Korea",Outdoors Kind-friendly
Achasan,4.3,Peak with city views & easy hiking trail,37.5715087,127.1037627,https://lh5.googleusercontent.com/proxy/Kz4mHGBZ5QNRxMUVbvTqkLIjzLBlxX7217FrNySk6X7V7b26gh1pawsFgOUdrEM_YaOsboeMVaZAeKst-ZlF8wSOSBPtufMEQQLTBGZ89CYdu6-DA98J6d7VAnrL4WQDjTBK5IhZPTjMcMzFnpSPx44d0pVPFbatcpg=w464-h260-n-k-no,"Achasan, Gyomun 1(il)-dong, Guri-si",Outdoors History Kind-friendly
Gwangnaru Hangang Park,4.1,Park,37.5487859,127.1200384,https://lh4.googleusercontent.com/-pNKNWQrKXJ8/WVhEvHnxMaI/AAAAAAAARfA/N3LRaQcggYEVr03N2nD4aKnM8QZoMkrnQCLIBGAYYCw/w464-h260-n-k-no/,"South Korea, 서울특별시 강동구 선사로 83-66 (암사동)",Outdoors Nightview
Seoripul Park,4.3,Park,37.4906,126.9997196,https://lh3.googleusercontent.com/-SbGVNjhCWcI/Wu5Ujxr9oyI/AAAAAAAAsUA/-YtI7U0TWMA1yo5KaYHlr5LamY_6ZhSxACLIBGAYYCw/w464-h260-n-k-no/,"165 Bangbae-dong, Seocho-gu, Seoul, South Korea",Outdoors
Yongma Waterfall Park,4.4,"Park, climbing, and rock climbing",37.575593,127.088587,https://lh5.googleusercontent.com/-nTcBXd7fLls/XSlOHLtc-fI/AAAAAAAABbc/GLLRw1aCpHY-CkkoFBv2iDZlxP7VKeNZwCLIBGAYYCw/w464-h260-n-k-no/,"Myeonmok 4(sa)-dong, Seoul, South Korea",Outdoors
Anyang Art Park,4.1,Park and art,37.4188889,126.9202778,https://lh3.googleusercontent.com/-X0XZpirnxZg/XUpt3NgxhYI/AAAAAAAAVAI/p8uSifE8-uY4_Ue3B37MOA1mfMvfmd_ZwCLIBGAYYCw/w464-h260-n-k-no/,"240-18 Seoksu-dong, Manan-gu, Anyang, Gyeonggi-do, South Korea",Outdoors
Jamsil Hangang Park,4.4,Park and beach volleyball,37.5179593,127.081933,https://t1.gstatic.com/images?q=tbn:ANd9GcTsKkq8JDeL2XZeDl4JokldAgLCQBF8khCY4gqH1e3cXXHy_8LqmGuFXb4YUhz667To6TNsSHdxnBlWfA,"65 Hangaram-ro, Jamsil 2(i)-dong, Songpa-gu, Seoul, South Korea",Outdoors Nightview
Yeonjudae,4.5,Mountaineering,37.4447771,126.964654,https://lh6.googleusercontent.com/-jrZGFtYF8oo/XawXoY0mXFI/AAAAAAAAAN8/5NvbG3UQj4c1wuzDvcUzCs5yJOnE7JwdwCLIBGAYYCw/w464-h260-n-k-no/,"62 Jahadong-gil, Jungang-dong, Gwacheon-si, Gyeonggi-do, South Korea",Outdoors
산들소리 수목원,3.8,Arboretum,37.6505573,127.1011574,https://lh4.googleusercontent.com/-6CwhaFasRUo/WhQkoeuytII/AAAAAAAAAB0/OefJOfifG3cQVbD8CJo8XVZZwJU_Mt3FQCLIBGAYYCw/w464-h260-n-k-no/,"48-31 Buramsan-ro 59beon-gil, Byeollae-dong, Namyangju-si, Gyeonggi-do, South Korea",Outdoors
Incheon Grand Park,4.4,Autumn leaf color and park,37.456711,126.757911,https://lh4.googleusercontent.com/-oO2RvYxHleU/XQze6piPe-I/AAAAAAAADMA/gHHW9IPRy1oiOwKcBRgt0mMLW-4IDl6SwCLIBGAYYCw/w464-h260-n-k-no/,"산180 Jangsu-dong, Namdong-gu, Incheon, South Korea",Outdoors
Seoul Battleship Park,4.2,Park,37.55362969999999,126.8972943,https://lh6.googleusercontent.com/-TATc2vpDqmE/Wq-CUPGecxI/AAAAAAAAAOQ/PlOi-8FiOFgAQSFLx26u6om-XplpdbZAQCLIBGAYYCw/w464-h260-n-k-no/,"Maponaru-gil, Mangwon 1(il)-dong, Mapo-gu, Seoul, South Korea",Outdoors
Gwangmyeong Cave,4.2,Cave,37.4264944,126.8664843,https://lh6.googleusercontent.com/-D7vDRakPjj8/XcbPZsreqsI/AAAAAAACQb8/Lrei693tMvQQ6po2OsiCaB8guSu_UUC_wCLIBGAYYCw/w464-h260-n-k-no/,"142 Gahak-ro 85(palsibo)beon-gil, Hagon-dong, Gwangmyeong-si, Gyeonggi-do, South Korea",Outdoors
부천자연생태박물관,4.3,Park,37.504817,126.81657,https://lh6.googleusercontent.com/-RuXWzkbBJyk/Xd-_Er4KtwI/AAAAAAAAIFc/CRtZA5yQwYAds7weNVCCQh0etau4xIo7wCLIBGAYYCw/w464-h260-n-k-no/,"660 Gilju-ro, Chunui-dong, Bucheon-si, Gyeonggi-do, South Korea",Outdoors History
쥬라리움 일산점,3.7,Zoo and walrus,37.689879,126.854645,https://lh5.googleusercontent.com/-w0jH-0aeSiI/XGwLcsx7FrI/AAAAAAAAL70/S4PGkNKLbykSP4KoELSdnyfr82dPcQw7ACLIBGAYYCw/w464-h260-n-k-no/,"290 Gwansan-dong, Deokyang-gu, Goyang-si, Gyeonggi-do, South Korea",Outdoors
Yangjaecheon,4.6,"River, autumn leaf color, and park",37.4702778,127.0308333,https://lh3.googleusercontent.com/proxy/UPmQ449t4VJVxOG_vfKJvKgsFJMF-pSqzxGJZ44R7TkOjiLXmgNj_Osjvu0WRtnYPJRKwJsJfYXBbdz5-OP_mbOQ4Zt5_3PRDrVraudUtp8u4dxYSRNVuEhGmMX8wiefodE0bmEDwpto-yQwBdYaZcgUSg8kvyM55ts=w464-h260-n-k-no,"Yangjaecheon, Yangjae 1(il)-dong, Seoul",Outdoors
Yongdo Arboretum,3.7,Garden,37.4191319,126.8265008,https://lh4.googleusercontent.com/-wsLzM9KKkk0/XWo2JCJX_vI/AAAAAAAAFZM/Mw-8aKCOOtkC8Bh2DbinfzyuyllFjsvMgCLIBGAYYCw/w464-h260-n-k-no/,"32 Batdwi-gil, Maehwa-dong, Siheung-si, Gyeonggi-do, South Korea",Outdoors
Eungbongsan (Seoul),4.4,"Mountain, park, rock climbing, and climbing",37.5481769,127.0298261,https://t0.gstatic.com/images?q=tbn:ANd9GcTZNiqQzym1wBf2ZnOBE2e5xVkLp898Z9Yh2lYGXvs3wNAOCx1ubdAFa8qY_r67o3pcDZp1tDSwPHJ09w,"Eungbongsan (Seoul), Eungbong-dong, Seoul",Outdoors Art&Culture
Suraksan,4.3,Scenic peak with temples & waterfalls,37.696493,127.0822334,https://lh6.googleusercontent.com/proxy/1R5hFIa3sBjItW3FaNcKvyjRg5vq-Dc60EZN6azgJngDwl2pRWEmubmsLdDLND-cuh-f7MSzyTsl34bq5GbE4zn7-0zURdZwzBA9oCeqw0h8bgefv-AY3I0f2RQwhSSZgT8NcBGSla1qrt-r1QI13WfonNWWD59pK3I=w464-h260-n-k-no,"Suraksan, Byeollae-myeon, Namyangju-si",Outdoors Kind-friendly
Yanghwa Bridge,4.2,Park,37.543675,126.904366,https://t3.gstatic.com/images?q=tbn:ANd9GcSRUa2B_vWySR96FmuvJjzjbrxSkKnz_nqY0O2bM_14fTXujnMdXakIIXbfUc499rn0GJbKWROMoVj_Mg,"Dangsan-dong, Yeongdeungpo-gu, Seoul, South Korea",Outdoors Nightview
Banpo Bridge,4.3,Two-level bridge & rainbow water feature,37.5156865,126.9960697,https://lh4.googleusercontent.com/proxy/TVUuJaIEEjqDQfU2D_VxBtgNEgXxqPK4lcs-rToTlmaA0KqR9zDdOjtjlAcVVuIwopEK8gBABSEpZqKtncL46B0qJzhrS_peNvqY_xL5sox2zPIUeGaRpK4tMxjZDoWgEJBF8LXuhE8ihNZOFdX4E9WZ69A=w464-h260-n-k-no,"Banpo 2(i)-dong, Seoul, South Korea",Outdoors Kind-friendly Nightview
Yanghwa Hangang Riverside Park,4.3,Riverside green space with a bike path,37.5383005,126.902265,https://lh5.googleusercontent.com/-0eY-sjW04U8/XWFx0cVtrzI/AAAAAAAAqUw/1AYXUeWaOpEJhKqzxsquINOyfEGHurIfgCLIBGAYYCw/w464-h260-n-k-no/,"221 Nodeul-ro, Dangsan 2(i)-dong, Yeongdeungpo-gu, Seoul, South Korea",Outdoors Nightview
Maebong Mountain Park,4.4,Park,37.5443195,127.0074453,https://lh6.googleusercontent.com/--lJEfnscG0g/WeRk7IrRmmI/AAAAAAAAST8/ulONlA0BYi8AUZ0Cwfj4J-fy6PAHwMbVgCLIBGAYYCw/w464-h260-n-k-no/,"산51 Sindang-dong, Jung-gu, Seoul, South Korea",Outdoors Nightview Sunrise
LetsRun Park Seoul,3.9,Large venue for live horse racing,37.4473604,127.0156347,https://lh3.googleusercontent.com/-7d76se_jRW8/XAUZyt6wMzI/AAAAAAAAgnE/VoV920qD_HgxaYg54-BiXZWI85CKpmFrQCLIBGAYYCw/w464-h260-n-k-no/,"107 Gyeongmagongwon-daero, Gwacheon-dong, Gwacheon-si, Gyeonggi-do, South Korea",Outdoors Kind-friendly
Bucheon Central Park,4.4,Park,37.5001419,126.7653702,https://lh6.googleusercontent.com/-VqqFJK8ekPE/Xa5M68HNl4I/AAAAAAAAAUw/BjDkGmXbJ5I-aYhGY8lKvKn4m28rO2TUwCLIBGAYYCw/w464-h260-n-k-no/,"162 Sohyang-ro, Jung-dong, Wonmi-gu, Bucheon-si, Gyeonggi-do, South Korea",Outdoors
Sebitseom,4.1,Park,37.5116807,126.9947194,https://t3.gstatic.com/images?q=tbn:ANd9GcQ_7Yel31v8Fpg8nDh9YZFendVm3-_P6iITrGKU8VNIzNWEIFkfqLBsiYrUtIdtdJVn6XjbGCU4X694xA,"Seoul, Banpo 2(i)-dong, 세빛둥둥섬",Outdoors Kind-friendly
Seosomun Park,4.5,Park,37.5606422,126.9690479,https://lh6.googleusercontent.com/-77NJT1QYW3k/XdFEZR2RcwI/AAAAAAABpvI/w5gcXFvyCoQWnrctvD5sqr__IsadEipDwCLIBGAYYCw/w464-h260-n-k-no/,"5 Chilpae-ro, Jungnim-dong, Jung-gu, Seoul, South Korea",Outdoors
One Mount (Snow Park & Water Park),3.9,Water park and park,37.6643452,126.7545858,https://lh5.googleusercontent.com/-_AqT4MHz-CE/WOg8V0eQTkI/AAAAAAAAFr0/MrlXyInzGYQsX2h4Ym-tAz8VsKfHJcQmwCLIB/w464-h260-n-k-no/,"1050-64 Daehwa-dong, Ilsanseo-gu, Goyang-si, Gyeonggi-do, South Korea",Outdoors
Gyeonghuigung,4.3,Historic palace with an adjacent museum,37.5712378,126.9681688,https://lh6.googleusercontent.com/proxy/wH77kcSY0cwj1uPlEPrjR1GdXZb7dkek9x5SB9hkaxD7_HgkByO5E-CDGa39_MrPiez6kwy1t0aUgaZsiDdnq6VPLeSI65FJcXlJfScMetaSNIWhxsxK0E5JSqusqs6Yzi32UQ28sAGPhEnFAyhf8ScMahw=w464-h260-n-k-no,"45 Saemunan-ro, Sajik-dong, Jongno-gu, Seoul, South Korea",History Art&Culture Kind-friendly
Gwanghwamun,4.5,Imposing gate at Gyeongbokgung Palace,37.57593689999999,126.9768157,https://lh3.googleusercontent.com/proxy/DCWfMc_cDWmENgQkrYGcpc1UDa7keloBT6L_VFgmWyzBoZLDOF51iNR3I-MdsmD3utMvHJaP9Y1nLGdqd454wRrxk02mJqWTbdCSQl5fVD2jZYVYQPtQ039hP42F8d3OpIZfNEIgWtIA8_mCS3iBW1eYk2YmMfLZeq32hkz8_VQb=w464-h260-n-k-no,"161 Sajik-ro, Sejongno, Jongno-gu, Seoul, South Korea",History Art&Culture Kind-friendly
Myeongdong Cathedral,4.6,"Gothic-style, 19th-century cathedral",37.563177,126.9873604,https://lh3.googleusercontent.com/proxy/NeiiJOZVPoIZebN59Vb0CHrbnc9j-lFhlOW10wtPVyCMw5yxGE9nqvjuf4NpcPHlDaL7WVEfX1edoUx5Fza3U24BUxKOeVoZ16E1Ts91IpEZGAsWQN-Z66UJw3duT56A7aAFsRqrve-eS-Izn063tQGZAnQ=w464-h260-n-k-no,"74 Myeongdong-gil, Jeodong 1(il)-ga, Jung-gu, Seoul, South Korea",History Art&Culture
Unhyeongung,4.3,Royal & political palace residence,37.576034,126.987052,https://lh4.googleusercontent.com/proxy/jrG3OUsT4M0MN6hKsC44i4Ez1RKwkJYLhA1oH9ay8dCBztN8F06xRqLmPiR9_IAPxy5Q31HDA8CfR7SdogJPLy6G9TChPtMgbgXGYEvaBijaCxQJdz6Khd_CECseOeO5DW0RgHChU6EGZBWwWVbf7fcWmSwuf63MsI3ia2QkyHxn=w464-h260-n-k-no,"464 Samil-daero, Unni-dong, Jongno-gu, Seoul, South Korea",History Art&Culture Kind-friendly
Blue House,3.5,Official presidential office & residence,37.5866076,126.974811,https://t2.gstatic.com/images?q=tbn:ANd9GcQOOr-IPHIK3tgSam208bQT8XG6zSx4e87Y6ravHf-ihtoMadIR8ZsOcMHMf5RiVnrlO0rwtzZlC2_E_Q,"1 Sejongno, Jongno-gu, Seoul, South Korea",History Art&Culture
Geunjeongjeon,4.7,Palace and architecture,37.5785225,126.9769845,https://t0.gstatic.com/images?q=tbn:ANd9GcRKPpWlB9ptZki0hhVQD0W_gR94nW7nRcElryM1c_IO20XaD7EDR9hV8Hv_KqmXAXkyYFE5mzbvNq_kbA,"37 Samcheong-ro, Sejongno, Jongno-gu, Seoul, South Korea",History Art&Culture
Gyeonghoeru Pavilion (경회루),4.7,Palace and architecture,37.5797205,126.9759146,https://t3.gstatic.com/images?q=tbn:ANd9GcROVKqlBeCKqpeWM6439AaTfebHr--5oEP1gQuFYbLTt0E_OnkaONnDUH1wxkrUaw-rtPzGjAbr7irtQQ,"161 Sajik-ro, Sejongno, Jongno-gu, Seoul, South Korea",History Art&Culture
War Memorial of Korea,4.6,"War exhibitions, vehicles & monuments",37.5366059,126.9771397,https://lh3.googleusercontent.com/proxy/ewA0HLuXictU8KUepG7UdnE5ufEWU3IMICkmZhaaMUGQ3wKKNKGrOYLyjubr-zt6DaOIdyUKa2hUQ2f9fXWQL4Ns6bD8YBSfhpNoCcW0LiszE2m0k42HXOuWHqe6YClYtYhdM6pBynDCha5q4xxOFwFcKKU=w464-h260-n-k-no,"29 Itaewon-ro, Namyeong-dong, Yongsan-gu, Seoul, South Korea",History Kind-friendly SeoulFutureHeritage
National Palace Museum of Korea,4.5,Collection of Joseon Dynasty artifacts,37.5765793,126.9750965,https://t1.gstatic.com/images?q=tbn:ANd9GcTbuz62jKmaplhV7ukh1EGxSO-qEh4KeIGr1OyXsIoA02RJxj_sKL0px35jEH7Gbbn9G0KqbS2tOt9QVA,"12 Hyoja-ro, Cheongun-dong, Jongno-gu, Seoul, South Korea",History Art&Culture Kind-friendly
Injeongjeon,4.7,Palace,37.5794592,126.9910284,https://t0.gstatic.com/images?q=tbn:ANd9GcRgNSE9kYHv0IoN31X0gwHv2Az6nJpT5AyUyT_qOVoCHDfaJ1q3gxEuLw0sVyhdzI7tJ9pcYtpf1sMVDQ,"99 Yulgok-ro, Waryong-dong, Jongno-gu, Seoul, South Korea",History Art&Culture
Hyangwonjeong,4.5,Palace and autumn leaf color,37.58233,126.9770149,https://t3.gstatic.com/images?q=tbn:ANd9GcQuYWCjCnPuRTtZaxBSm4HgF6nAER8WDqz30sr0Ib4cbpDlGWn5NmJNsCzYfm7wq5AN0Sr_DEohF3keww,"161 Sajik-ro, Sejongno, Jongno-gu, Seoul, South Korea",History Art&Culture
Changdeokgung Palace and Huwon,4.6,Historic palace with a large garden,37.5793982,126.9910617,https://lh6.googleusercontent.com/proxy/FVHeDWIDMXLB7k0_1Jtw4JiBcjd14iwKsTVkzeYZD_FmvY7JsfhHvAlWxFJmdDKAIZmOKJpdj8pr9NiT_iJuNDbBlt3Za6rhaDeDyZs1IYNb_kh0MZOeuMBQcv4_sJjT88041AaDTTblj1bttB3Kfma3dZSIIw=w464-h260-n-k-no,"99 Yulgok-ro, Jongno 1(il).2(i).3(sam).4(sa), Jongno-gu, Seoul, South Korea",History Art&Culture Nightview
Nagseonjae,4.6,Palace,37.4560549,127.2060135,https://lh3.googleusercontent.com/-6Vj9ItoRRH0/XaQJicHXboI/AAAAAAAA9og/ZXbnFWbCRRs2YwDYSvdWpXwXHnO0P33nACLIBGAYYCw/w464-h260-n-k-no/,"194-1 Buldang-ri, Jungbu-myeon, Gwangju-si, Gyeonggi-do, South Korea",History Art&Culture
Namsangol Hanok Village,4.2,Tours of houses built in Joseon Dynasty,37.559315,126.994477,https://t3.gstatic.com/images?q=tbn:ANd9GcR_sxd_dsEDOtyLxBLfQb7szgDPJ6OoeKCOzlRRr7wFiybmHeejOxVyq4yLUC5tQtCfWgDdlQ-ShzJ-Tw,"28 Toegye-ro 34-gil, Pil-dong, Jung-gu, Seoul, South Korea",History Art&Culture Kind-friendly Nightview SeoulFutureHeritage
Donhwamun,4.5,Palace and architecture,37.5778392,126.9899125,https://t3.gstatic.com/images?q=tbn:ANd9GcTT1SfPJVcqrcmIz3RCDLMpNgy6jYLCTMYHJnlbD8t5tnYh7TOJGmaHHP58jfTN_h0zTpFpve5VFq4SgA,"Waryong-dong, Jongno-gu, Seoul, South Korea",History Art&Culture
Hanboknam Gyeongbokgung Hanbok Rental,4.7,Palace,37.57619680000001,126.9732928,https://lh3.googleusercontent.com/-nvhDLXFkusI/WQBb7YMeozI/AAAAAAAAAUA/qEMCYLMdBg8vucVyDYO-00_yvnHPGnALgCLIBGAYYCw/w464-h260-n-k-no/,"133-5 Sajik-ro, Sajik-dong, Jongno-gu, Seoul, South Korea",History Art&Culture Nightview
Wongudan,4.0,Picturesque shrine & ritual site,37.5650657,126.9796883,https://t1.gstatic.com/images?q=tbn:ANd9GcTqNTrQc5oTrmmWfBXSkxwCIzNODuZv7IVZ1i_rppNS6_P1-w6ziWF2TAFuSp0brqkS-ol7ZWBrorwsDQ,"112 Sogong-ro, Euljiro 1(il)-ga, Jung-gu, Seoul, South Korea",History
Bukhansanseong,4.4,Time-tested fortress completed in 1711,37.6469557,126.9732418,https://lh6.googleusercontent.com/-aEQHp-MF2Bw/XZ2fCyknwbI/AAAAAAAAA2U/XXnc2Tfd2MAIkZV6Mny05M8xFaqMtaTowCLIBGAYYCw/w464-h260-n-k-no/,"South Korea, Gyeonggi-do, Goyang-si, Deokyang-gu, 북한동 산1-1",History Art&Culture Kind-friendly Nightview
Pungnaptoseong,3.8,"Archaeological site, history, and historic site",37.539055,127.121723,https://lh5.googleusercontent.com/-5Of5wvFiLvs/WXfsrWB0eLI/AAAAAAADihE/PAXGGsmrHSE_9wBroF8Wa8uC1Bnmi5lSACLIBGAYYCw/w464-h260-n-k-no/,"Pungnap 1(il)-dong, Seoul, South Korea",History
Sajeongjeon,4.6,Palace,37.5790885,126.977044,https://t1.gstatic.com/images?q=tbn:ANd9GcQ4ivtkMUBrAJ4T9IJZe7X4R5SDxOe4CQ8qv-OVEaQcUPdNjHWvbjz4ioD_Lw67kOLFFHsFEaYVykeaDg,"1-56 Sejongno, Jongno-gu, Seoul, South Korea",History Art&Culture
Heungnyemun Gate,4.5,Palace,37.5768542,126.9768589,https://t2.gstatic.com/images?q=tbn:ANd9GcQt6e_jvMZzQAsxflwTDcTOL7lqPSLTCXQUlt0Ivtvz1FSvUfWEB6Tnpi1Ock9WrqIhpLWxviiY0Og0sw,"Sejongno, Jongno-gu, Seoul, South Korea",History Art&Culture
Jagyeongjeon Chamber,4.3,Palace,37.580283,126.9780818,https://t1.gstatic.com/images?q=tbn:ANd9GcQd0ICvqHtA3qhXzxbEt3AN6KGvGiv07JuVsOQLN0Ab0FWrN29qXyFLNiNxXq0FA_btSVYd9HFa9emigg,"Cheongun-dong, Jongno-gu, Seoul, South Korea",History Art&Culture
Seoul Anglican Cathedral,4.6,Cathedral and architecture,37.5671299,126.9760517,https://lh5.googleusercontent.com/-xgYwSe_EQqE/XTuss-WgSxI/AAAAAAABPvc/TTyIwDVkOUM-vxL_3ZeAocoY7wDabBQNgCLIBGAYYCw/w464-h260-n-k-no/,"15 Sejong-daero 21-gil, Jeong-dong, Jung-gu, Seoul, South Korea",History Art&Culture
Donggureung,4.3,"Tomb, historic site, history, and monument",37.6201143,127.1279811,https://lh5.googleusercontent.com/-PkT8nB5PSik/XB71iUWfq8I/AAAAAAAAbTQ/brQYn21iKV8dTVSo9AlIKzqN_6RFAdCcQCLIBGAYYCw/w464-h260-n-k-no/,"197 Donggureung-ro, Inchang-dong, Guri-si, Gyeonggi-do, South Korea",History
Jongmyo Shrine,4.4,Shrine to Joseon dynasty kings & queens,37.574583,126.994143,https://lh4.googleusercontent.com/proxy/kX1VVMi8PpGFxujYwzoSjFUSp_UJTW2GbnEdku0vIxcqdfahEEQxgYnUg_r0nTrmKvaN0emBE7Cpe4FoFSb5PooltocKdVlWHBovJU_YpKQYhdfBqHiN2jRdcQUAgpf5qBsJPvr2wgFA1N3a2X8J1Tar9g0=w464-h260-n-k-no,"157 Jong-ro, Hunjeong-dong, Jongno-gu, Seoul, South Korea",History Art&Culture
Daehanmun,4.4,Palace,37.5650292,126.9765362,https://lh5.googleusercontent.com/-Db9bx7KzWhw/WKg-GR_yX0I/AAAAAAAAD4A/geE4lGVc-FIOwM7_cvTyEcrIfiGq9SPYwCLIBGAYYCw/w464-h260-n-k-no/,"99 Sejong-daero, Taepyeongno 2(i)-ga, Jung-gu, Seoul, South Korea",History Art&Culture Nightview
Huijeongdang,3.5,Palace and history,37.5797098,126.9922914,https://t0.gstatic.com/images?q=tbn:ANd9GcRjR4g7r15F7_ARMwI8zSl0iGXk37D_I1t6ZJKziX2QFbjQmZieQANoxLnwIVsCadDL7yRu6Q_bnlpobg,"Jongno 1(il)-ga, Jongno-gu, Seoul, South Korea",History Art&Culture
Sajikdan,4.1,Historic site,37.5756092,126.9676291,https://lh4.googleusercontent.com/-DIjI48cvHTU/Wafo3bV_3eI/AAAAAAAAWLU/ovzVoIsMOBMIUk7huyX1FDMsyxmGBSP5wCLIBGAYYCw/w464-h260-n-k-no/,"1-28 Sajik-dong, Jongno-gu, Seoul, South Korea",History
Daejojeon,4.3,"Palace, historic site, and architecture",37.5801564,126.9923695,https://t2.gstatic.com/images?q=tbn:ANd9GcRKuwYnQlEc7zKg4l3gNfv20XnmC9gnF6ZT3ZRiQ7LrXtuvmDISluKNPH5wR-F5_GmEdXYRkvvOazKzKw,"99 Yulgok-ro, Waryong-dong, Jongno-gu, Seoul, South Korea",History
Achasanseong,4.3,"Archaeological site, castle, history, and historic site",37.5544541,127.1029397,https://lh3.googleusercontent.com/-D0XRWDp_iTU/WizZlqhZ-QI/AAAAAAAALus/vmmAv96q6IUcJNNsPXncAqqrt0uJSQ3tACLIBGAYYCw/w464-h260-n-k-no/,"South Korea, Seoul, Gwangjin-gu, Walkerhill-ro, 117",History
Seoul Seokchon-dong Ancient Tombs,4.2,"Tomb, archaeological site, history, and historic site",37.5035833,127.1022852,https://lh4.googleusercontent.com/-SFFEUn__jwU/Xb_REBMdRCI/AAAAAAAAsDg/c48-dfdrGa8N8wa0-wtv8wxoEGgDXA3swCLIBGAYYCw/w464-h260-n-k-no/,"61-6 Seokchon-dong, Songpa-gu, Seoul, South Korea",History
Myeongjeongjeon,4.7,Palace,37.57872990000001,126.9949033,https://t0.gstatic.com/images?q=tbn:ANd9GcSNcwlGgg0qelLsdgcXQebRa5H0WnIIaoDiXBF_XkRTdBCIAwpqthFfewdUhqmZ5PR9LBNL_UudbfEOog,"185 Changgyeonggung-ro, Waryong-dong, Jongno-gu, Seoul, South Korea",History
Uileung,4.4,Tomb and historic site,37.6038317,127.0575466,https://t1.gstatic.com/images?q=tbn:ANd9GcRa6hMC3G7ZVaX2YdtXxQooJHQU72VmK-tzxr66c13viId6hzudGCthrNiN9BkNAvJsDz3e9oIrShmJcw,"산1-5 Seokgwan-dong, Seongbuk-gu, Seoul, South Korea",History
Honghwamun Gate,4.5,Palace,37.5788269,126.9963295,https://t3.gstatic.com/images?q=tbn:ANd9GcS3rbAvGJfRB9lrnwPCVp6q8uuhtHOcaWQtRtVEpl1SaUhrHX84MlOiy8aPAO943pu3bwuV3F6vOuB-vw,"185 Changgyeonggung-ro, Ihwa-dong, Jongno-gu, Seoul, South Korea",History
Jungmyeongjeon Hall,4.6,"Palace, history, architecture, historic site, and monument",37.5665903,126.9725256,https://lh3.googleusercontent.com/-VQzGfk-vWAE/XXmyxy4zcCI/AAAAAAAAKhU/0j_Be7YBKhMPP31vw355gEN38-FVokDIQCLIBGAYYCw/w464-h260-n-k-no/,"41-11 Jeongdong-gil, Sogong-dong, Jung-gu, Seoul, South Korea",History
Yeongyeongdang,4.6,Palace,37.58330000000001,126.9923414,https://t3.gstatic.com/images?q=tbn:ANd9GcRiMXaLRgWy3jHcv99oTXs-YGaYvYi62OqkSQq6X142k9-aX8MXLKOr5mr-R_GwiiABLy2AgfHYcbT1bw,"53-2 Waryong-dong, Jongno-gu, Seoul, South Korea",History
Saleung,4.1,Historic site and tomb,37.64725869999999,127.1974357,https://lh6.googleusercontent.com/-EQlt9V50sRk/XWSJuYZS5FI/AAAAAAAAYFQ/pxjvJNrxEVIm3_zuJYfT3QfTrX0dZt9lgCLIBGAYYCw/w464-h260-n-k-no/,"108 Saneung-ri, Jingeon-eup, Namyangju-si, Gyeonggi-do, South Korea",History
Heonilleung,4.2,Tomb and historic site,37.46434,127.082309,https://lh5.googleusercontent.com/-mgxCRhAkkao/XVAHOLw7otI/AAAAAAABQhc/1u0L-FV-P58iQIHlUuTmQqMyyEk5glmzgCLIBGAYYCw/w464-h260-n-k-no/,"South Korea, 서울특별시 서초구 헌인릉길 36-10",History
Seonjeongneung,4.4,Park & burial grounds with tombs,37.5070029,127.0522301,https://lh5.googleusercontent.com/proxy/EjmAcQKyddBXaQQ2C9o8tqFKnsUc06m0aB1IlyT6ng2go5n96CY4dDM3fuW8AysyTfrnFZx4p8liOA4gSoY35PLzL8Y-DF-mLaJrJ2e7MO1t4e2Iz7w4Vu1ka5Z5zEq_AhIkFcEdv5fthXgN0Nflezy8Qkg=w464-h260-n-k-no,"1 Seolleung-ro 100-gil, Samseong-dong, Gangnam-gu, Seoul, South Korea",History Kind-friendly
Hamnyeongjeon,4.1,Palace,37.565905,126.9759152,https://t0.gstatic.com/images?q=tbn:ANd9GcRRr-9Bu7rY5iTmHxb2oAwpZD95r1p2OGZrFxeloyMGrcxPMl4HxS2-LQuCPK4ly1o483xgN-GUSSQ-aA,"5-1 Sogong-dong, Jung-gu, Seoul, South Korea",History
구 러시아공사관,4.0,Historic site,37.567963,126.971437,https://lh4.googleusercontent.com/-7uHu1qJGVCo/W40rgI5e-aI/AAAAAAAAFCY/BCaYG_MyYlgChyWTHWDtEnogp2QaR64UwCLIBGAYYCw/w464-h260-n-k-no/,"15-1 Jeong-dong, Jung-gu, Seoul, South Korea",History
Seoul Baekje Museum,4.3,"Museum, archaeological site, and history",37.515419,127.1206369,https://lh4.googleusercontent.com/-oeECH0tWTTU/XRjME_PB8iI/AAAAAAAAJnc/F99-Yt3i224fF4VC4_mMy2lbx6tvxqvWQCLIBGAYYCw/w464-h260-n-k-no/,"71 Wiryeseong-daero, Oryun-dong, Songpa-gu, Seoul, South Korea",History Museums
Bosingak,4.2,Joseon-era belfry used for timekeeping,37.5697987,126.9837167,https://t0.gstatic.com/images?q=tbn:ANd9GcS96RBEVErEmmfFUgXBtpUD93YywI-M0Z471zhdqTwQlyPbCpe5VHSV-VROqtmuE2iQVGc_vptGgF7M9g,"54 Jong-ro, Gwancheol-dong, Jongno-gu, Seoul, South Korea",History Kind-friendly
Seosamneung (Seosamleung),4.2,History and historic site,37.6636815,126.8687821,https://lh3.googleusercontent.com/-oebxwWqn2yI/XAczdHkA_xI/AAAAAAAACvI/cTsx1CHrnA02Dnb4mOTOlPpKsqud_eVsgCLIBGAYYCw/w464-h260-n-k-no/,"Wondang-dong, Deokyang-gu, Goyang-si, Gyeonggi-do, South Korea",History
Seonjeongjeon,5.0,Art and palace,37.5796724,126.991696,https://t3.gstatic.com/images?q=tbn:ANd9GcRCFU2tXB1Pg0UfhdXITNGmkMj1-udlBnN27rH1naOTGufUxE1ijwt5AZZ2lydB9ehVUswb_nY_PZX3jg,"99 Yulgok-ro, Waryong-dong, Jongno-gu, Seoul, South Korea",History
Jeoldu-san,4.4,"Shrine, archaeological site, chapel, history, and historic site",37.5440895,126.9118507,https://lh5.googleusercontent.com/-CeGxqXvZoOE/Xed4ZLJQ2EI/AAAAAAAAmHc/_B_TS4guc8oyPQl4HN6wnVRSeStNW-KEgCLIBGAYYCw/w464-h260-n-k-no/,"6 Tojeong-ro, Hapjeong-dong, Mapo-gu, Seoul, South Korea",History
Geonchunmun,4.2,Palace,37.5780446,126.9792944,https://t0.gstatic.com/images?q=tbn:ANd9GcRrsOLD89LMJ0WGKFvSjjkkXpuUGIagYR5TBw6v-j9QEjBshOOh2sCp_lOrjKNhaeYEPbAeYIeY56y0PA,"Sejongno, Jongno-gu, Seoul, South Korea",History
Jeongneung,4.4,Tomb and historic site,37.5070029,127.0522301,https://lh6.googleusercontent.com/-2yOcIUYOKWg/W33zpxJMqJI/AAAAAAAAju8/4NBFqmyu7A4I6DaPMot2jB2lbp2k3tCiQCLIBGAYYCw/w464-h260-n-k-no/,"1 Seolleung-ro 100-gil, Samseong-dong, Gangnam-gu, Seoul, South Korea",History
Injeongmun Gate,4.3,Palace,37.5788067,126.9911174,https://t3.gstatic.com/images?q=tbn:ANd9GcQ7nSYjHHvRJRcff-3UX-ooAgJSqpQeA-gLh6EF2E4ZWP9vVwTF8_pCDUC9ZWlX5IkrdUP7Jo6D3G6KfQ,"Jongno 1(il)-ga, Jongno-gu, Seoul, South Korea",History
Jeongdong Jeil Church,4.6,"Christianity, history, historic site, and gothic architecture",37.5654378,126.972357,https://lh4.googleusercontent.com/-CJrwgDv5E20/XUmlkxluVsI/AAAAAAAA5yA/ePbRRs5EOWk_uqMkGWxz5_ypdJy03GfCgCLIBGAYYCw/w464-h260-n-k-no/,"46 Jeongdong-gil, Jeong-dong, Jung-gu, Seoul, South Korea",History
Ujeongchongguk,3.9,Historic site and history,37.5743849,126.982602,https://lh3.googleusercontent.com/-Hszn7CJ6hmI/XY94Pk7OzyI/AAAAAAAALn0/fHXqbBioTjQXjXvaDnVb9Lx1OY6LwO6YACLIBGAYYCw/w464-h260-n-k-no/,"59 Ujeongguk-ro, Gyeonji-dong, Jongno-gu, Seoul, South Korea",History
고구려대장간마을,4.0,"Drama, archaeological site, and history",37.5605386,127.1110023,https://lh3.googleusercontent.com/-M1vTUyzZjSU/XZK4tLFmtxI/AAAAAAAAADk/_v9PDAau2soJYjzXYsupHEjtJ9V4Nx4-gCLIBGAYYCw/w464-h260-n-k-no/,"41 Uminae-gil, Gyomun 1(il)-dong, Guri-si, Gyeonggi-do, South Korea",History
Munmyo,4.2,"Shrine, historic site, and history",37.5858494,126.9960871,https://lh3.googleusercontent.com/-W03Oooa1Yyc/Wm71I2OeP4I/AAAAAAABEfc/w2folo23W78iE2p6JCKD7p4e6xPuEr5_gCLIBGAYYCw/w464-h260-n-k-no/,"53 Myeongnyun 3(sam)ga, Jongno-gu, Seoul, South Korea",History
창경궁 옥천교,5.0,Palace,37.5802577,126.9947258,https://lh5.googleusercontent.com/-kgq9mhclxfc/XJhimlt2CcI/AAAAAAAC2Hw/Zc3r9eJhWAs4wtCi7aduhS5CXcmMGI3tQCLIBGAYYCw/w464-h260-n-k-no/,"2-1 Waryong-dong, Jongno-gu, Seoul, South Korea",History
Hongneung,4.4,"Tomb, historic site, mausoleum, and history",37.5935327,127.0439623,https://lh6.googleusercontent.com/-2phhS9omx80/XU6wmiWA4rI/AAAAAAAAo0o/lP_NOZ3myS4O1hfRqF9UqR5z2FaQDb_7QCLIBGAYYCw/w464-h260-n-k-no/,"57 Hoegi-ro, Cheongnyangri-dong, Dongdaemun-gu, Seoul, South Korea",History
Jangleung,4.4,"Tomb, history, and historic site",37.6128776,126.7111674,https://lh6.googleusercontent.com/-bwbzdIOjOzY/XWHt6CdGo9I/AAAAAAAARQU/7T478EdGpk4_TTfQsbUPNiakoozM--e5gCLIBGAYYCw/w464-h260-n-k-no/,"산141-1 Pungmu-dong, Gimpo-si, Gyeonggi-do, South Korea",History
Dongshipjagak,4.2,Palace and history,37.5760892,126.9793858,https://lh3.googleusercontent.com/-llETew_ixg8/W_RU6WbWjcI/AAAAAAAApm4/RqcNnYZ4iTQGYqKZ8MD8qlKE89B4jMbUgCLIBGAYYCw/w464-h260-n-k-no/,"1 Samcheong-ro, Sejongno, Jongno-gu, Seoul, South Korea",History
Achasan Borugun,4.2,Archaeological site and historic site,37.5736131,127.1029331,https://lh5.googleusercontent.com/--EHV4a548oA/XeNQ_XR7OwI/AAAAAAABXBw/KWyluZsSPLQ4rAQAaAzbvBV97uOL5XoSgCLIBGAYYCw/w464-h260-n-k-no/,"Gyomun 1(il)-dong, Gwangjin-gu, Seoul, South Korea",History
Taeleung,4.6,"Tomb, autumn leaf color, and historic site",37.6361392,127.0977053,https://lh4.googleusercontent.com/-oMZIZGbfmWA/Xc-3ZPLJ61I/AAAAAAAALMY/bzcEBKe_THwy64Y3Cs6VEjpBJxlwkasAwCLIBGAYYCw/w464-h260-n-k-no/,"Gongneung-dong, Nowon-gu, Seoul, South Korea",History
고강선사유적공원,4.0,Archaeological site,37.5242593,126.8175697,https://lh4.googleusercontent.com/-UMuOCXdU2Lk/WuQRoMExKBI/AAAAAAAALeM/ggwmREUGc3A068HoHbpoqYIlaQP8MObNwCLIBGAYYCw/w464-h260-n-k-no/,"Gogang-dong, Ojeong-gu, Bucheon-si, Gyeonggi-do, South Korea",History
Gwangtonggyo Bridge,4.5,"Historic site, history, and shopping",37.5691135,126.9811645,https://lh5.googleusercontent.com/-CWzCvRRWzoc/XWEUHshFAzI/AAAAAAAAUoo/KroVIhPSCOg4aHVhrD-7N5FYbA20wJZsgCLIBGAYYCw/w464-h260-n-k-no/,"55-2 Seorin-dong, Jongno-gu, Seoul, South Korea",History Nightview
서울 선잠단지,3.7,Historic site and history,37.5935319,126.9994667,https://lh5.googleusercontent.com/--3-R0f6FCCY/XVQGLMwte3I/AAAAAAAAPoY/SUHYjOBt9Kw5QNXAUcjvy0zZ56gMv1fIQCLIBGAYYCw/w464-h260-n-k-no/,"64-1 Seongbuk-dong, Seongbuk-gu, Seoul, South Korea",History
Seoul Bangidong Ancient Tombs,4.0,"Tomb, historic site, and archaeological site",37.5077945,127.1187908,https://lh6.googleusercontent.com/-lFl7pa6IfVA/WhfLBAETjpI/AAAAAAAAFck/Lj0BCTDUb_oEEIf3vbk8m9cb17BnkdrlACLIBGAYYCw/w464-h260-n-k-no/,"219 Ogeum-ro, Bangi 1(il)-dong, Songpa-gu, Seoul, South Korea",History
Mongchon Museum of History,4.2,Archaeological site and history,37.523868,127.1243,https://lh3.googleusercontent.com/-YhlSBVyWsVI/VpIVzJByaLI/AAAAAAAA1eQ/bVFv7oGqgfYg7vYAUtvtLwPPTJMUC3TcwCLIBGAYYCw/w464-h260-n-k-no/,"424 Olympic-ro, Bangi-dong, Songpa-gu, Seoul, South Korea",History
Hongjimun Gate and Tangchundaeseong Fortress,3.9,Historical place,37.5987292,126.9566074,https://lh5.googleusercontent.com/-rQdUUXAiVYo/XP45gH_mQ7I/AAAAAAAAQEw/9ly-FNVHvSwM-FXvx4ZoWybdxiKK0n1hQCLIBGAYYCw/w464-h260-n-k-no/,"산 4 Hongje-dong, Seodaemun-gu, Seoul, South Korea",History
검단선사박물관(Geomdan Prehistory Museum),4.0,Museum and prehistory,37.5943875,126.6986072,https://lh4.googleusercontent.com/-Vy1D8tQaMJI/WnXKfB4bsZI/AAAAAAAACIs/F9JXernTK7MnHZqNy81iPSPG-zlBCCKlwCLIBGAYYCw/w464-h260-n-k-no/,"South Korea, 인천 서구 원당동 76블럭 1롯트",History Museums
Chunghyeon Museum,4.1,Museum and archaeological site,37.4335436,126.8780109,https://lh6.googleusercontent.com/-IFowXFXtpIc/XTwkQwosb6I/AAAAAAAALwE/Nf3MHL6YQwAATyCMWZ1SDCchOU_BF_GzgCLIBGAYYCw/w464-h260-n-k-no/,"5-6 Ori-ro 347beon-gil, Soha-dong, Gwangmyeong-si, Gyeonggi-do, South Korea",History Museums
Statue of King Sejong,4.6,Huge statue of a 15th-century king,37.5728359,126.9768862,https://t2.gstatic.com/images?q=tbn:ANd9GcQbV4fap9N2F6JqWJlN81WuHIm6ZJafQ89Hrx-SNwBZC2Jn-tSPEKDNl4JnN000o79RTBqLWdzPRsBECw,"172 Sejong-daero, Sejongno, Jongno-gu, Seoul, South Korea",History
종묘정전,4.6,Historic site and history,37.5748748,126.9939256,https://lh6.googleusercontent.com/-XfEJGUTU_Zw/W9Rf3TFpyaI/AAAAAAAATiE/Pi-f7KQTwW0Jlq6rxzv_LOqj7ErlEsKNgCLIBGAYYCw/w464-h260-n-k-no/,"1-2 Hunjeong-dong, Jongno-gu, Seoul, South Korea",History
Seoul Cheonggyecheon Ruins,4.6,Historic site,37.5688124,126.9831356,https://lh6.googleusercontent.com/-nFzi1fs7Ksc/WUDuWCmqwFI/AAAAAAAAqX4/YuibWS7eXjg-Uq-uRqWhETQMjMGfROkjACLIBGAYYCw/w464-h260-n-k-no/,"270-1 Gwancheol-dong, Jongno-gu, Seoul, South Korea",History SeoulFutureHeritage
Bukhansan Monument,4.3,Monument and history,37.6251133,126.9562065,https://lh6.googleusercontent.com/-e6PN46Ao0bY/W2Ina59GgII/AAAAAAAAFaA/H_Rt__vIjEcNd61_YfzaY_l3zBTQOaJtgCLIBGAYYCw/w464-h260-n-k-no/,"산3-35 Gugi-dong, Jongno-gu, Seoul, South Korea",History Nightview
Jongchinbu,3.4,Monument,37.5830318,126.9812692,https://lh5.googleusercontent.com/-63bSw8-ZUJI/W15sZ09PKSI/AAAAAAAAJY8/i4C_-AhascovR5cpNrVUq9FGkvZBJflAQCLIBGAYYCw/w464-h260-n-k-no/,"30 Samcheong-ro, Palpan-dong, Jongno-gu, Seoul, South Korea",History
Heunginjimun,4.3,Historic gate of the Fortress Wall,37.5711389,127.0095452,https://lh5.googleusercontent.com/proxy/3Meg79Sls1FjU1ZzrJjvwEeYVfv0lpv5JVaq9b_BHaC-nwZQQ2Hbdm64K6FWYk1kffoJQhkrpJB-KVR0X6ICvXCLlNiQ15eQxyG1L2FqnovLNN1IqapzbZerprI1M7QSFL9z8cv46ksRcSi0-icMl05G5pY=w464-h260-n-k-no,"288 Jong-ro, Jongno 5(o).6(yuk)ga-dong, Jongno-gu, Seoul, South Korea",History Kind-friendly
One Mount,3.8,Theme park with winter/summer activities,37.66434599999999,126.75438,https://lh4.googleusercontent.com/-kav-3QBc2pg/WnJtQUIq-SI/AAAAAAAAAMc/jBa6VHzw8Zsr6gHwOKUzkqV6REMdLPrdQCLIBGAYYCw/w464-h260-n-k-no/,"300 Hallyuwoldeu-ro, Daehwa-dong, Ilsanseo-gu, Goyang-si, Gyeonggi-do, South Korea",History
Ginkgo jangsudong,4.1,Monument,37.4604052,126.7696873,https://lh3.googleusercontent.com/-x0RBlfyXx90/WptXNEDvXzI/AAAAAAAAo14/AqViNKLVJUkIZzM8BgpVAIKakjjvUOCowCLIBGAYYCw/w464-h260-n-k-no/,"63-2 Jangsu-dong, Namdong-gu, Incheon, South Korea",History
National Assembly Building,3.4,Dome-topped government building,37.5318046,126.9141547,https://t1.gstatic.com/images?q=tbn:ANd9GcR1Ipi29-MoeUmwfDQHSjV5w8_JXOERIpCjbuJFEAyS8fBxMh5_RMlmrgvQVZN6-1eBXH8EqipDaLk6hQ,"1 Uisadang-daero, Yeoeuido-dong, Yeongdeungpo-gu, Seoul, South Korea",History
Kidzania Seoul,4.3,Career-themed amusement park for kids,37.5112274,127.0979024,https://lh5.googleusercontent.com/-T4zfGGnLOOU/WwJnIDvZ7FI/AAAAAAACrRI/Y5ABXsYZU3ouOKaXiPyAUtf5IMio3sA8QCLIBGAYYCw/w464-h260-n-k-no/,"240 Olympic-ro, Jamsil 3(sam)-dong, Songpa-gu, Seoul, South Korea",History Kind-friendly
Seongsu Bridge,3.9,Rebuilt cantilever road bridge,37.5370472,127.0349351,https://t1.gstatic.com/images?q=tbn:ANd9GcQOFZPuT-nETjTFgAa5l5D_7jozXvsvdRMRhRpxqhj3WUCFVA_slStWVZCxxJBP8o8IB9Gq7ShiFBTiEg,"Oksu-dong, Seoul, South Korea",History Nightview
Jamsil Sports Complex,4.2,Sports complex,37.5148406,127.0731124,https://lh4.googleusercontent.com/-7-zQjs7-pDA/XBbm3PtSIsI/AAAAAAAKBXA/niFwrC2JQg86NKGYaFFN4itIA24nCc_-QCLIBGAYYCw/w464-h260-n-k-no/,"10 Jamsil-dong, Songpa-gu, Seoul, South Korea",History
Acha Ecological Park,4.2,Park and autumn leaf color,37.5518658,127.1007676,https://lh6.googleusercontent.com/-YHZu8M10U2U/Xb1BSx0t_bI/AAAAAAAAN9w/-g-GArw8OkI-jHlZTnTfVwPbpQ_SV0EJwCLIBGAYYCw/w464-h260-n-k-no/,"South Korea, Seoul, Gwangjin-gu, Gwangjang-dong, 370",History
배다골테마파크,3.9,Amusement park and water park,37.6307962,126.8476725,https://lh5.googleusercontent.com/-jFkIpqpnvew/XRn7rmw8W6I/AAAAAAAACZU/cJQs1QYCEgwkAilCxNw5AHWWc4TEqn21gCLIBGAYYCw/w464-h260-n-k-no/,"South Korea, Gyeonggi-do, Goyang-si, Deokyang-gu, Hwajeong 2(i)-dong, 배다골길 131",History
Geonwonneung,4.5,Tomb,37.6245305,127.1306197,https://lh3.googleusercontent.com/-35EUK40mMJg/XWZca-RZ7yI/AAAAAAAAE7I/e0AdFtHvq_M41JJhCYlpOoMHg72r7ywmwCLIBGAYYCw/w464-h260-n-k-no/,"산4-2 Inchang-dong, Guri-si, Gyeonggi-do, South Korea",History
에버랜드,5.0,Theme park,37.2939104,127.2025664,https://lh3.googleusercontent.com/-VvHDcNdwLGY/XdFoxcsay8I/AAAAAAAAEwM/RQaziJflJ0EYerZSyR3BZeVm4ygq6nF3ACLIBGAYYCw/w464-h260-n-k-no/,"199 Everland-ro, Pogog-eup, Cheoin-gu, Yongin-si, Gyeonggi-do, South Korea",History
테지움 테디베어 테마파크 (서울점),4.0,Bear and museum,37.5716999,127.0151853,https://lh5.googleusercontent.com/-7ra8XXrTGaY/W5C7ODgeLlI/AAAAAAAAALE/gjw9dKYFKhYjcKfVlCuBqm0EBYb0eoTYQCLIBGAYYCw/w464-h260-n-k-no/,"19 Jibong-ro, Changsin 1(il)-dong, Jongno-gu, Seoul, South Korea",History Museums
안터생태공원,3.5,Park and wetland,37.4592961,126.8698111,https://lh4.googleusercontent.com/-tBfOuXlJUr0/WwE3eavAUiI/AAAAAAACLEk/sz6511M1MU4qRad3FFHkz4P_tu7uIUOGQCLIBGAYYCw/w464-h260-n-k-no/,"27 Anjae-ro 1beon-gil, Haan 1(il)-dong, Gwangmyeong-si, Gyeonggi-do, South Korea",History
국무총리공관,3.0,Government office,37.5844518,126.9814279,https://lh5.googleusercontent.com/-nO6MmAFQBo8/XGNf9fLt4pI/AAAAAAAA__w/ydcN3CjqEaUz8ipPRb8LcADy2S3SDwISQCLIBGAYYCw/w464-h260-n-k-no/,"95 Samcheong-ro, Samcheong-dong, Jongno-gu, Seoul, South Korea",History
40th Anniversary Monument of Gojong’s Enthronement,4.0,Historical place,37.570451,126.9777194,https://lh3.googleusercontent.com/-LG0w6sLMJlE/Wvy7UOCjggI/AAAAAAABnl4/kfyG0T2QUls7sz6-mrh1zoZaS-4iCRizACLIBGAYYCw/w464-h260-n-k-no/,"142-3 Sejongno, Jongno-gu, Seoul, South Korea",History
Seoul Museum of History,4.4,Exhibits on the history of the city,37.5704837,126.9705674,https://lh4.googleusercontent.com/-_p_Twvu3dBg/WjhAxx0SQ7I/AAAAAAAAbko/npUk-x1DkUwLzUTYtRc8E4KpD4s2x8QggCLIBGAYYCw/w464-h260-n-k-no/,"55 Saemunan-ro, Sajik-dong, Jongno-gu, Seoul, South Korea",Museums Kind-friendly
Alive Museum,4.2,"Museum, art, and art museum",37.5718407,126.9872086,https://lh3.googleusercontent.com/-aw_GGnCXHGw/XSqI5NghvtI/AAAAAAAAFbo/BA-RZ2ExSKIHm34lYx-AFQo2uYNdd6fIQCLIBGAYYCw/w464-h260-n-k-no/,"12 Insadong-gil, Insa-dong, Jongno-gu, Seoul, South Korea",Museums Art&Culture
Kimchi Field Museum,4.1,Museum,37.573575,126.984875,https://lh4.googleusercontent.com/-povZD1hk5Lo/VTnxNojjiBI/AAAAAAAAAq0/y0NfM58nGvwKID6UzzciHdbPQf2025NcQCJkC/w464-h260-n-k-no/,"35-4 Insadong-gil, Gwanhun-dong, Jongno-gu, Seoul, South Korea",Museums Kind-friendly
Daelim Museum,4.2,Photography exhibits in a modern space,37.577459,126.973341,https://lh6.googleusercontent.com/-kCr3Flghzhk/XTGLUAgk2nI/AAAAAAAAj8E/UIXR0aHKLbcs2tCXFDgiIcoLIPt3Eld3QCLIBGAYYCw/w464-h260-n-k-no/,"South Korea, Seoul, Jongno-gu, 통의동 35-1 대림미술관",Museums Art&Culture
러브뮤지엄 Love Museum,4.5,Museum and art museum,37.553478,126.921645,https://lh3.googleusercontent.com/-VdmQkTj4SZc/VmZ6eWypu6I/AAAAAAAAAGA/caT0ob2Pd2IXRbXbcy_7YAdhNT8uTGFcgCLIBGAYYCw/w464-h260-n-k-no/,"홍익로 3길 20 서교프라자 B1 러브뮤지엄, B1 floor, Seogyo Plaza 20 Hongikro 3gil, Mapogu, Seoul, Mapo-gu, Seoul, South Korea",Museums Kind-friendly
Lotte World Folk Museum,4.1,Museum with culture & history exhibits,37.5111826,127.0977372,https://lh5.googleusercontent.com/-J6TvVhspHVc/XZ7EOLDDXZI/AAAAAAAAXoY/T1mNkVuYL28oERwgPjc90y4latqs1zuHACLIBGAYYCw/w464-h260-n-k-no/,"40-1 Jamsil-dong, Songpa-gu, Seoul, South Korea",Museums Kind-friendly
Korea Furniture Museum,4.6,Array of traditional furniture & houses,37.6001592,126.9934353,https://lh5.googleusercontent.com/-tlioZ9KwVuo/XTw7RHpgJII/AAAAAAABvrc/ipwoL42M0kwkWpIVFjFUvDJo01nzDKnHQCLIBGAYYCw/w464-h260-n-k-no/,"121 Daesagwan-ro, Seongbuk-dong, Seongbuk-gu, Seoul, South Korea",Museums Kind-friendly
Coex Aquarium,4.3,"Penguins, marine mammals & Korean fish",37.513131,127.0582827,https://lh3.googleusercontent.com/-ZSw5kcN25B4/XTME4L8ylOI/AAAAAAAAHRQ/N-k0D-iHHmsgLmECsSGPQsMEFnrNWj7tgCLIBGAYYCw/w464-h260-n-k-no/,"513 Yeongdong-daero, Samseong 1(il)-dong, Gangnam-gu, 서울특별시 South Korea",Museums Kind-friendly
Bank of Korea Money Museum,4.4,Money museum in former bank building,37.5620577,126.9805633,https://lh3.googleusercontent.com/-6WioJOh4iv0/WVBXJrA-QgI/AAAAAAADO6A/37jGHmWE_5sfPX0BeiTWbahhYwzpTbyuACLIBGAYYCw/w464-h260-n-k-no/,"39 Namdaemunno 5(o)-ga, Jung-gu, Seoul, South Korea",Museums
Cheonggyecheon Museum,4.2,Museum for Cheonggyecheon Stream,37.5712861,127.0350222,https://lh5.googleusercontent.com/-JJRrfXKa6uc/XZwYlEZ_zxI/AAAAAAAAWdI/8UjbJxwadZMmZckmXPY83eYl_ES0PVVqQCLIBGAYYCw/w464-h260-n-k-no/,"530 Cheonggyecheon-ro, Majang-dong, Seongdong-gu, Seoul, South Korea",Museums SeoulFutureHeritage
Seodaemun Prison History Hall,4.6,Prison history museum in 1908 jail,37.574271,126.956071,https://t0.gstatic.com/images?q=tbn:ANd9GcR7l5a_N9_pDrIbtgq5pE5kxgetE6rg7k1HMrJHjjydZNGfBWjIrfqQqxJ6ZMRqWjMFKT83lpQPrRKmXw,"251 Tongil-ro, Hyeonjeo-dong, Seodaemun-gu, Seoul, South Korea",Museums
Seoul City Wall Museum,4.2,Museum,37.5728449,127.0084993,https://lh6.googleusercontent.com/-uhq_FScevFc/XbPUiNbO78I/AAAAAAAATLY/je9JRJfKMtwgF5NG20jRYCeIVnBfJJKAACLIBGAYYCw/w464-h260-n-k-no/,"283 Yulgok-ro, Jongno 5(o).6(yuk)ga-dong, Jongno-gu, Seoul, South Korea",Museums SeoulFutureHeritage
Donuimun Museum Village,4.3,Museum,37.5687866,126.968511,https://lh5.googleusercontent.com/-ZfAzLzii-hg/XN0k5cnejwI/AAAAAAAAjN4/6tp0Axn_jI0XnUPRWW5D0NNtBVWAv_PyACLIBGAYYCw/w464-h260-n-k-no/,"14-3 Songwol-gil, Sinmunno 2(i)-ga, Jongno-gu, Seoul, South Korea",Museums
Horim Museum,4.1,"Museum, art, and art museum",37.5226523,127.0362151,https://lh5.googleusercontent.com/-0s-Bs68c_k8/WkzzytErJeI/AAAAAAABz-I/8ZsHK57JwwkJF79X-stkc92LQka-uyEGQCLIBGAYYCw/w464-h260-n-k-no/,"651-24 Sinsa-dong, Gangnam-gu, Seoul, South Korea",Museums
The Museum of Agriculture,4.1,Museum,37.5667013,126.9682205,https://lh4.googleusercontent.com/-uB81bROPIKg/XY9vh2ZybMI/AAAAAAAALh4/w8eY19cx0aMq6DHBUtZjYIKZqSKHjQatQCLIBGAYYCw/w464-h260-n-k-no/,"75-1 Chungjeongno 1(il)-ga, Jung-gu, Seoul, South Korea",Museums
Lock Museum,2.0,Museum,37.5798597,127.0045505,https://lh6.googleusercontent.com/-3eDrd4aw-1Y/WPBgjpeNVtI/AAAAAAAAMe0/v7LMiU2Yn6QXhrbFNEoCOL4XfFhCoCrfgCLIBGAYYCw/w464-h260-n-k-no/,"187-4 Dongsung-dong, Jongno-gu, Seoul, South Korea",Museums
Heojun Museum,4.1,Museum,37.567845,126.850956,https://lh3.googleusercontent.com/-keOhZp08JBA/W4gbG8AdjAI/AAAAAAAAaWw/14C1FbtMzKAgqP2xIjirVKYLdNsSWb-XACLIBGAYYCw/w464-h260-n-k-no/,"87 Heojun-ro, Gayang-dong, Gangseo-gu, Seoul, South Korea",Museums
Figure Museum,4.2,Modern museum of action figures & toys,37.5257613,127.0403736,https://lh4.googleusercontent.com/-49NqJ5pfI0E/Wu6a_wKME-I/AAAAAAAA13A/xpGe7WNA_uMMjONlka-psovOIA20mSyWACLIBGAYYCw/w464-h260-n-k-no/,"3 Seolleung-ro 158-gil, Cheongdam-dong, Gangnam-gu, Seoul, South Korea",Museums
National Museum of Korea,4.6,Modern home of Korea's cultural exhibits,37.5238506,126.9804702,https://lh4.googleusercontent.com/proxy/pploy4MV0US6VQQTz_pCa3YOH9JB2qkTvcmntFHsqEE-mZVBGZQvDWreOZCPWaG2IWS87G9PMTzgSlzBqud3mh7ZkQnpfP-7FFUYGRdaPIybxjUjwSqWrD3BqZoW91rIIudUloFiQkp1p2dIrgPeYRF7ySDkN08wgejLA63y3eoe=w464-h260-n-k-no,"137 Seobinggo-ro, Seobinggo-dong, Yongsan-gu, 서울특별시 South Korea",Museums Art&Culture Kind-friendly
Tteok Museum,3.8,Museum of Korean food & rice cakes,37.5748578,126.990624,https://lh3.googleusercontent.com/-eoAOoCtBR5Y/WuagndLC45I/AAAAAAAAAO0/YVMOhBe3o5YaobZ5g7lsqk9MgLZJRP7DQCLIBGAYYCw/w464-h260-n-k-no/,"71 Donhwamun-ro, Waryong-dong, Jongno-gu, Seoul, South Korea",Museums
Han Sang Soo Embroidery Museum,3.9,Museum,37.5937657,127.000837,https://lh4.googleusercontent.com/-2J3QtzdGUaY/W4uxJy2a-HI/AAAAAAAL_8U/vKItKiQ2jlISpw8udbo_3Qfo12gZs_8rgCLIBGAYYCw/w464-h260-n-k-no/,"4-10 Seongbuk-ro 16-gil, Seongbuk-dong, Seongbuk-gu, Seoul, South Korea",Museums Nightview
Seoul Yangnyeongsi Herb Medicine Museum,4.2,Museum,37.5802298,127.0371534,https://lh5.googleusercontent.com/-X9Bd17ZPSns/W0wvhxP7xmI/AAAAAAAArp8/lsGyLRvQYyciaT6LnGrm400Q9Cc1jcy5wCLIBGAYYCw/w464-h260-n-k-no/,"26 Yangnyeongjungang-ro, Jegi-dong, Dongdaemun-gu, Seoul, South Korea",Museums
The Korean National Police Heritage Museum,4.1,Museum,37.5689839,126.9696528,https://lh6.googleusercontent.com/-D4SNw6FyO3k/V1z3fWegShI/AAAAAAABWQU/FgKjcQHhgQ07XE-YvAs_wGu69GVcp5GDgCJkC/w464-h260-n-k-no/,"41 Saemunan-ro, Sajik-dong, Jongno-gu, Seoul, South Korea",Museums
Baek in-Je House,4.5,"Museum, concert, and architecture",37.580642,126.9840665,https://lh6.googleusercontent.com/-Fj3zIiYW7JI/XdgYhhr-HMI/AAAAAAAAPRk/Yt73CdJo1-s-eZDyrqSvTS5utPSI4C0aQCLIBGAYYCw/w464-h260-n-k-no/,"16 Bukchon-ro 7-gil, Gahoe-dong, Jongno-gu, Seoul, South Korea",Museums
Seogpajeong,4.4,"Art museum, autumn leaf color, and art",37.5949557,126.9624573,https://lh6.googleusercontent.com/-XututFv_Qbo/XX5E5N_qsQI/AAAAAAAAbDQ/gWBPoDkYN6w9WWAi_KHm5oPZhiBU49pFQCLIBGAYYCw/w464-h260-n-k-no/,"Buam-dong, Jongno-gu, Seoul, South Korea",Museums Art&Culture
서울특별시 수도박물관,4.1,Museum,37.5384697,127.042815,https://lh6.googleusercontent.com/-ZCH4n5zT7Yw/W8sTNHufM4I/AAAAAAAAAk8/WuP7w_lOSFMAVdc89K77L_ITAY38VrXJwCLIBGAYYCw/w464-h260-n-k-no/,"27 Wangsimni-ro, Seongsu-dong 1(il)-ga, Seongdong-gu, Seoul, South Korea",Museums
War and Women’s Human Rights Museum,4.7,Museum and history,37.5600537,126.9148471,https://lh6.googleusercontent.com/-RAuaLkp7qHc/XVpJSlw__FI/AAAAAAAAGC8/AOqxSq-qrdUOpjO1S_LFFLWtSqa-Q69FACLIBGAYYCw/w464-h260-n-k-no/,"20 World cup buk-ro 11-gil, Seongsan 1(il)-dong, Mapo-gu, Seoul, South Korea",Museums
Owl Museum,3.8,Museum,37.587032,126.982913,https://lh3.googleusercontent.com/-DIkCkYaXTVg/XQ8j6H_NJ0I/AAAAAAAADtU/mEczjhWukdEC2F0rx4zKpNhtnmaY2eTXwCLIBGAYYCw/w464-h260-n-k-no/,"27-21 Samcheong-dong, Jongno-gu, Seoul, South Korea",Museums
The Children’s Museum of the National Folk Museum of Korea,4.3,Museum and children's museum,37.5816996,126.978969,https://lh5.googleusercontent.com/-cq7jCKzZRqY/XZsj2LAn9hI/AAAAAAAATyw/bJlR8y4uC1gFBVQ3OHqkOybpBEIL6cyKwCLIBGAYYCw/w464-h260-n-k-no/,"1-1 Sejongno, Jongno-gu, Seoul, South Korea",Museums
Museum of Korean Buddhist Art,4.5,"Museum, buddhism, and art",37.5808388,126.9889125,//www.google.com/maps/vt/data=6-WWpPQzmvCSOa40UBGssbGAhmnsS33Amt950_AIE_bgMRLbaBwEFdgE9laJwjQkVbG0HaES_7NBQ0qMfsjj1-ARDTJhrvXMLA,"108-4 Wonseo-dong, Jongno-gu, Seoul, South Korea",Museums
Bukchon Museum Old Fragrance,4.0,Museum,37.5844494,126.9829963,https://lh4.googleusercontent.com/-KZ2JXNMq9cE/Xe0vANY-0II/AAAAAAAASzg/8by8cbLbvcYc36kjvzq80Zu-fewPFxX2ACLIBGAYYCw/w464-h260-n-k-no/,"21 Samcheong-ro 4-gil, Samcheong-dong, Jongno-gu, Seoul, South Korea",Museums
ARA Modern Art Museum,4.2,"Museum, art, and art museum",37.573411,126.9836125,https://lh6.googleusercontent.com/-don0rdaxFBM/WI17-f8mpII/AAAAAAAAze0/VNAcUflOHU8rK2oBdGLKTKxJ6J-YsasXgCLIBGAYYCw/w464-h260-n-k-no/,"26 Insadong 9-gil, Jongno 1(il).2(i).3(sam).4(sa), Jongno-gu, Seoul, South Korea",Museums
청암민속박물관,3.6,Museum,37.722654,126.9468015,https://lh6.googleusercontent.com/-WNYvxMaHxl0/WuZ9tZW9LJI/AAAAAAAAABg/I2K6wCq62Cs9bPuwaHLzhfh6DtQzpw-tgCLIBGAYYCw/w464-h260-n-k-no/,"36-3 Iryeong-ri, Jangheung-myeon, Yangju-si, Gyeonggi-do, South Korea",Museums
World Jewellery Museum,3.6,Museum,37.5809498,126.9818021,https://lh5.googleusercontent.com/-S3tjbA4dRvE/XOo-_k-kpjI/AAAAAAAABEY/biSNgKpLm7Yo3aHHws3E849LW8FEtZdPQCLIBGAYYCw/w464-h260-n-k-no/,"75-3 Hwa-dong, Jongno-gu, Seoul, South Korea",Museums
63 Seaworld,4.1,Aquarium,37.5194543,126.9398401,https://lh3.googleusercontent.com/-WZcCyYR_cZo/Xdacff5XixI/AAAAAAADxx4/Yoe6VK2g1Aga4y-Qqpk9u_b8RTOJA2zagCLIBGAYYCw/w464-h260-n-k-no/,"50 63-ro, Yeoeuido-dong, Yeongdeungpo-gu, Seoul, South Korea",Museums Kind-friendly
Paper Art Museum,3.4,"Museum, art, and art museum",37.5596195,127.0061614,https://lh6.googleusercontent.com/-V0cDaHt7Nbo/XAYQkKLDsTI/AAAAAAAAYg4/YmNzQhitdmo8IX8rYJ_vlTYmoo76dmkPwCLIBGAYYCw/w464-h260-n-k-no/,"166 Jangchungdan-ro, Jangchung-dong, Jung-gu, Seoul, South Korea",Museums
둘리뮤지엄,4.1,Museum,37.6522548,127.0276957,https://lh4.googleusercontent.com/-1094DhmhfkU/XY8HU4r00qI/AAAAAAABFyA/CdzalODmyUUy3mt-GlzmGpXa2i9A-b53gCLIBGAYYCw/w464-h260-n-k-no/,"6 Sirubong-ro 1-gil, Ssangmun-dong, Dobong-gu, Seoul, South Korea",Museums
The National Folk Museum of Korea,4.5,Museum for Korean customs & culture,37.5816456,126.9789948,https://lh3.googleusercontent.com/proxy/QH99Zu0g6H0i5WPii17sOlMCHfpTw4OwH3_rJJ3vpOrL1-NsYvZ9N66TSlVMbYXKDEJkx9zOJOKKzpLDDpKpwiiLcgzqHNOkL_ZZjnWnm9mUPRdwY4cJOu41GngT7c8jY3hkszrdMq3T_q2VIuS0LMVl6L4=w464-h260-n-k-no,"37 Samcheong-ro, Sejongno, Jongno-gu, Seoul, South Korea",Museums Art&Culture Kind-friendly
한국영화박물관,4.2,Museum,37.5803928,126.8899596,https://lh4.googleusercontent.com/-sOHeGajr_oQ/WWmcOT8rTQI/AAAAAAAASV0/aBc0KjPAvKU-pl51pDDmdPZlqjWbYD9oQCLIBGAYYCw/w464-h260-n-k-no/,"400 World cup buk-ro, Sangam-dong, Mapo-gu, Seoul, South Korea",Museums
Presseum,3.9,"Museum, history, and art",37.5698318,126.9776433,https://lh5.googleusercontent.com/-SzEJaBhYcOk/XZnrNYYqxJI/AAAAAAABY6A/jcmxK7jn88M-Xrl57ws6U8t8qVdY8MgjwCLIBGAYYCw/w464-h260-n-k-no/,"152 Sejong-daero, Jongno 1(il).2(i).3(sam).4(sa), Jongno-gu, Seoul, South Korea",Museums
Bucheon Bow Museum,3.8,Museum,37.500873,126.7973779,https://lh5.googleusercontent.com/-rpl_m_DWNXU/W_eM7H1uT4I/AAAAAAAB_e4/A32xikWnWU4vL57PqoV5vXqoeLQ2AwYYwCLIBGAYYCw/w464-h260-n-k-no/,"8 Chunui-dong, Wonmi-gu, Bucheon-si, Gyeonggi-do, South Korea",Museums
배재학당역사박물관,4.2,Museum and history,37.56397949999999,126.972609,https://lh3.googleusercontent.com/-LogmVSXrRTI/XcE-3OmaUFI/AAAAAAACfoM/hSVlyIZ1N18i8ZaZ5SXlmpd3HGw6yOjFgCLIBGAYYCw/w464-h260-n-k-no/,"South Korea, 서울특별시 중구 서소문로11길 19 (정동) 배재정동빌딩 동관",Museums
Bukchon Asian Cultural Art Museum,4.3,"Museum, art, and art museum",37.5838383,126.9835518,https://lh5.googleusercontent.com/-hkOaLXlzBSA/WbA_wQCaG6I/AAAAAAAASGY/n3tfA9R3XjI6OFlvlE7J6eOcmohpZzuJgCLIBGAYYCw/w464-h260-n-k-no/,"76 Bukchon-ro 11-gil, Samcheong-dong, Jongno-gu, Seoul, South Korea",Museums
Korean Manhwa Museum,4.1,Museum,37.508369,126.7416,https://lh5.googleusercontent.com/--bzmc3Yi4Co/Xa7IyVN4myI/AAAAAAACBf4/HfbkeGfvqj0ZO3Hg3jFGty58adaneyKNACLIBGAYYCw/w464-h260-n-k-no/,"Sang-dong, Bucheon, South Korea",Museums
Kim Koo Museum,4.3,Museum,37.5442482,126.9591773,https://lh3.googleusercontent.com/-RZpgNw3uoBA/XaaX8vzc-YI/AAAAAAAAAIA/mhIr3Ckmhk0j1-ofRpWdhx3mJqdVjiGkACLIBGAYYCw/w464-h260-n-k-no/,"26 Imjeong-ro, Hyochang-dong, Yongsan-gu, Seoul, South Korea",Museums
프라움 악기박물관,3.9,Museum,37.5684972,127.2269583,https://lh3.googleusercontent.com/-W3f155y8O_M/XGu-v58xpOI/AAAAAAAAGoI/SVBjpu1k03oT6abPtb1D2m2S88A-NQq2QCLIBGAYYCw/w464-h260-n-k-no/,"504-13 Dogok-ri, Wabu-eup, Namyangju-si, Gyeonggi-do, South Korea",Museums
Museum of Gugak,5.0,Museum and music,37.4777592,127.0083043,https://lh6.googleusercontent.com/-6jW0ZrUWT-0/XahKuhPFvnI/AAAAAAAAMQs/xC7-iLTLJK8XtKPSUpVWlKpP07bYfcBpACLIBGAYYCw/w464-h260-n-k-no/,"South Korea, Seoul, Seocho-gu, Seocho-dong, Nambusunhwan-ro, 2364 국립국악원",Museums
Hwajeong Museum,4.2,"Museum, buddhism, art, and art museum",37.6045564,126.9659639,https://lh5.googleusercontent.com/-Ha1X6om4vAE/WkjPHG-g6aI/AAAAAAAAMTs/u_BRAdTrVcE-mWjc_Gpb1_Rwcz1LjewsgCLIBGAYYCw/w464-h260-n-k-no/,"3 Pyeongchang 8-gil, Pyeongchang-dong, Jongno-gu, Seoul, South Korea",Museums
Culture Station Seoul 284,4.4,Art museum and art,37.5558351,126.971732,https://t1.gstatic.com/images?q=tbn:ANd9GcQtjdAiN_wGuh70RQISmJk7miGeYtZHVYGb4e4fFhfZNqsYajHtiHv6QNCBS7NKj6Vi2ehjHazukmVhQQ,"1 Tongil-ro, Bongnaedong 2(i)-ga, Jung-gu, Seoul, South Korea",Museums Art&Culture
Seoul National University Museum,3.9,"Museum, art, and history",37.4663799,126.949614,https://lh6.googleusercontent.com/-jfugjrvJYcI/XFAXsWVBhqI/AAAAAAAAEdQ/_s7bP-V90g0-dN9alC2TGGezgxmiAISDACLIBGAYYCw/w464-h260-n-k-no/,"South Korea, Seoul, Sillim-dong, 서울대학교 미술관",Museums
Lotte World Aquarium,4.2,"Beluga whale, aquarium, and shopping",37.5134998,127.1050225,https://lh6.googleusercontent.com/-zA5KdAXU3Pg/XU-3VDgSNGI/AAAAAAAAgo0/eerhhlAzwcEOmz9PFbL569qkZWEMJ4WRwCLIBGAYYCw/w464-h260-n-k-no/,"Jamsil 6(yuk)-dong, Songpa-gu Seoul South Korea",Museums
Korea Museum of Modern Costume,3.8,Museum,37.57542309999999,127.0054944,//www.google.com/maps/vt/data=4ev1JjJbNXm9_31bdRX1KGBXwxbYC_P35iPyedPz80BFERUIa61dWHTaN3QJ-HUIjFdAGle4M5odFFd_lR_yIYGRXltkBPctCw,"55-1 Chungsin-dong, Jongno-gu, Seoul, South Korea",Museums
ソウル建築博物館 Donuimun Museum Village,4.3,Museum,37.5689364,126.969003,https://lh3.googleusercontent.com/-Yu5KYss-eTY/XRhTRvrQrFI/AAAAAAAABHc/wIkOmTRWkKgObVBRWBWzKh9prRJAkiTgQCLIBGAYYCw/w464-h260-n-k-no/,"-ga, 32-1 Sinmunno 2(i)-ga, Jongno-gu, Seoul, South Korea",Museums
유럽자기박물관,3.6,Museum,37.502095,126.7982944,https://lh3.googleusercontent.com/-8WLCqqV-Srs/WYaPTsrbPGI/AAAAAAAAAjw/pj_Li2QhE90lqwBRQtVoXOlgMPiPAK-xQCLIBGAYYCw/w464-h260-n-k-no/,"8 Chunui-dong, Wonmi-gu, Bucheon-si, Gyeonggi-do, South Korea",Museums
Rice Museum,4.0,Museum,37.5748578,126.990624,https://lh3.googleusercontent.com/-JKz8TMWNEdk/V72DWIOL0wI/AAAAAAAAQfw/0twm-PAxyxsig60rjWHCt9gyogxp-n9HQCLIB/w464-h260-n-k-no/,"71 Donhwamun-ro, Waryong-dong, Jongno-gu, Seoul, South Korea",Museums
Miho Museum,3.8,Museum,34.914866,136.016165,https://lh3.googleusercontent.com/-OPGyiboIb2s/XbP7b6Ek7KI/AAAAAAAAEd0/35SrkHFUR1wOW3GnAJ-RHolX9yCZkF88wCLIBGAYYCw/w464-h260-n-k-no/,"桃谷-300 Shigarakicho Tashiro, Koka, Shiga 529-1814, Japan",Museums
부천수석박물관,4.2,Museum,37.5015673,126.7990999,https://lh6.googleusercontent.com/-4ftrW-YD3Rw/XA3kYeBPneI/AAAAAAAAA90/40oFSF1WlFY13j9K0mgC3Bqlb_9nXoEoQCLIBGAYYCw/w464-h260-n-k-no/,"8 Chunui-dong, Wonmi-gu, Bucheon-si, Gyeonggi-do, South Korea",Museums
Museum of Korea Straw and Plants Handicraft,3.9,Museum and handicraft,37.584883,126.9999176,https://lh6.googleusercontent.com/-y7EbT2sNV7k/XbP-9e4UVPI/AAAAAAAAFyo/Zrd0tojWQ3UxOVwNp-f44TCnPMZqeMUlQCLIBGAYYCw/w464-h260-n-k-no/,"45 Sungkyunkwan-ro 4-gil, Hyehwa-dong, Jongno-gu, Seoul, South Korea",Museums Nightview
Woori Bank Museum,3.9,Museum,37.5593365,126.9817181,https://lh5.googleusercontent.com/-sOWf39sp93Y/XbQ0wOPMCvI/AAAAAAAADcQ/soV7tvypXUk7hcxXijuuVQ4A_8OwRf6eQCLIBGAYYCw/w464-h260-n-k-no/,"51 Sogong-ro, Hoehyeon-dong, Jung-gu, Seoul, South Korea",Museums
전기박물관,3.8,Museum,37.4856182,127.0280289,https://lh4.googleusercontent.com/-SmQYAvKBmgI/XEKPTS9EfsI/AAAAAAAAHUs/O05R868v1XQbN1MrY0CcMFPwcWVXbCU3ACLIBGAYYCw/w464-h260-n-k-no/,"60 Hyoryeong-ro 72-gil, Seocho-dong, Seocho-gu, Seoul, South Korea",Museums
Shinhan Museum (Korea Museum of Financial History),4.1,Museum and history,37.5685623,126.9763585,https://lh4.googleusercontent.com/-InFkpcmkjGY/XRH3toiKvwI/AAAAAAABodQ/Q3fJi1s2e9EJSFh7yYCJWbufYDtm1seRwCLIBGAYYCw/w464-h260-n-k-no/,"135-5 Sejong-daero, Myeong-dong, Jung-gu, Seoul, South Korea",Museums Nightview
경희대학교 자연사박물관,4.2,Museum,37.5976329,127.0552289,https://lh4.googleusercontent.com/-QdzB9a_Unxw/XZwl6OK6m6I/AAAAAAAAK8A/31cySp1cYA47TjtmTFT-EsB1kYc4lHjRgCLIBGAYYCw/w464-h260-n-k-no/,"26 Kyungheedae-ro, Imun-dong, Dongdaemun-gu, Seoul, South Korea",Museums
부천교육박물관,4.6,Museum,37.502595,126.79835,//www.google.com/maps/vt/data=zTpIBJlj0qItB6Em0EB1WrHM8WkBLcCp-Cy0c8gUnLCndkU18U4VkFgu2YrhHdDfBKTbtRvrwExDwqSOiRjz8oHUq-Q3mPJB8A,"482 Sosa-ro, Chunui-dong, Bucheon-si, Gyeonggi-do, South Korea",Museums
Samseong Museum of Publishing,3.6,Museum,37.6086737,126.9570825,https://lh4.googleusercontent.com/-N0tincvswnQ/XPuMpnIlZHI/AAAAAAAAD98/3y9UrOjEV5s524zuLnNQhAEicj_fnJ6OgCLIBGAYYCw/w464-h260-n-k-no/,"2-2 Bibong-gil, Pyeongchang-dong, Jongno-gu, Seoul, South Korea",Museums
유금와당박물관 YooGeum Museum,4.2,Museum,37.5936628,126.9625094,https://lh4.googleusercontent.com/-fMh-t_jE2h4/XU5ru3Br9iI/AAAAAAAAIGo/HzMwKOuYCZIEgJGq0lAyz7TRbUITow4CwCLIBGAYYCw/w464-h260-n-k-no/,"Buam-dong, Jongno-gu, Seoul, South Korea",Museums
The Abraham Park Kenneth Vine Collection,4.1,Museum,37.4919273,126.8440382,https://lh4.googleusercontent.com/-14JZmX2lwiA/WjjEvs2FbZI/AAAAAAAACdc/htNq-lDBB4I4QblM4A71Cgyh3eM0b9QXACLIBGAYYCw/w464-h260-n-k-no/,"44 Oryu-ro 8ra-gil, Oryu 2(i)-dong, Guro-gu, Seoul, South Korea",Museums
동림매듭박물관,4.0,Museum,37.5817712,126.9855943,https://lh6.googleusercontent.com/-3-q27sAPC3A/WRJpP9_pINI/AAAAAAABDrQ/zAm3IH0IXVEDlrWThXJfyel5kX7pCHfqQCLIB/w464-h260-n-k-no/,"10 Bukchon-ro 12-gil, Gahoe-dong, Jongno-gu, Seoul, South Korea",Museums
증권박물관,4.0,Museum,37.6384464,126.7859684,https://lh5.googleusercontent.com/-QO757Ikitnw/XD8M_Za3uFI/AAAAAAAAzjk/pSbuCKs1938AlC-FKgPRLoVnw3BsNaXPQCLIBGAYYCw/w464-h260-n-k-no/,"358-8 Hosu-ro, Baekseok 2(i)-dong, Ilsandong-gu, Goyang-si, Gyeonggi-do, South Korea",Museums
Gimdaljin Art materials Museum,4.0,Museum,37.6000164,126.9566332,https://lh3.googleusercontent.com/-QJ2_lHAh04Y/VNVG-vZpmJI/AAAAAAAAAAc/oN96XsvAa9os83O1wNFo3CBZLcwLAsVcACJkC/w464-h260-n-k-no/,"South Korea, Seoul, Jongno-gu, 홍지동 44",Museums
애보박물관,4.0,Museum,37.4503753,126.76703,https://lh5.googleusercontent.com/-xtkpG2ToZE4/XWzgSNYOSaI/AAAAAAAAAJk/6wsIvlwwHsQ0b6RqUTwoRhGKZyw99aU5QCLIBGAYYCw/w464-h260-n-k-no/,"71 Manuigol-ro, Unyeon-dong, Namdong-gu, Incheon, South Korea",Museums
창조자연사박물관,2.8,Museum,37.4336481,126.7861309,https://lh5.googleusercontent.com/-EsJ_O3b2HC4/WdaqSkOeHjI/AAAAAAAAJt4/A1ssbrkoVc8g3RXRdUm6d8m5AY6dWA60ACLIBGAYYCw/w464-h260-n-k-no/,"4 Dumun-ro 71beon-gil, Sincheon-dong, Siheung-si, Gyeonggi-do, South Korea",Museums
광고박물관,3.8,Museum,37.5160955,127.0995355,https://lh3.googleusercontent.com/-rX5tAOk6Wb8/XbUF19UX7MI/AAAAAAAAQFU/hiwCo8iR3VM7KednTv9WUezjIdRHwtZiwCLIBGAYYCw/w464-h260-n-k-no/,"South Korea, Seoul, Songpa-gu, Jamsil 6(yuk)-dong, 올림픽로35길 137",Museums
춘원당한방박물관,4.4,Museum,37.5717844,126.9903293,//www.google.com/maps/vt/data=EVzOEKILMdV-bDo0seCQz0G9yAqwGCpqFuomXEnhMSvBeYyU6JCynrH5EWCMbyFFRV-ZWEC_kszZoV7jeXglNboERlSubUesFg,"78 Donui-dong, Jongno-gu, Seoul, South Korea",Museums
Namyangju History Museum,3.6,Museum,37.5463678,127.244399,https://lh4.googleusercontent.com/-OCqD7LBmHAs/VMo2wT_rdHI/AAAAAAAAAAs/vfZGkx4wllgKEOcDnO4mvYwznSJelfa1QCJkC/w464-h260-n-k-no/,"South Korea, Gyeonggi-do, Namyangju-si, 와부읍 팔당로 121",Museums
쉼박물관,4.3,Museum and art,37.5994636,126.9556636,https://lh3.googleusercontent.com/-OYjt_7AC5BA/Wph4pv3WgaI/AAAAAAAA1hg/9pRDaUUkKS4W9dBSnZHgYHoarBVbJiLZQCLIBGAYYCw/w464-h260-n-k-no/,"209-17 Segeomjeong-ro, Hongji-dong, Jongno-gu, Seoul, South Korea",Museums
박노수가옥,3.8,Art museum,37.5812828,126.966748,https://lh5.googleusercontent.com/-eyGFmVGD-Hw/WG_Ax2wHYoI/AAAAAAAAXeg/WZ3m5vfCMBcKwi-MAeythCwmx9j6soxrwCLIBGAYYCw/w464-h260-n-k-no/,"168-2 Ogin-dong, Jongno-gu, Seoul, South Korea",Museums
AquaPlanet ILSAN,4.1,Large aquarium with diving performances,37.6633627,126.7553083,https://lh3.googleusercontent.com/-7SbazH-MUOY/XQ3U1lZOusI/AAAAAAAAKvE/sFtzgdHVTVsIdbWCeLsELHUJ_udkBMwIACLIBGAYYCw/w464-h260-n-k-no/,"282 Hallyuwoldeu-ro, Daehwa-dong, Ilsanseo-gu, Goyang-si, Gyeonggi-do, South Korea",Museums
호림박물관 신림본관,3.5,Museum,37.4808747,126.91696,https://lh3.googleusercontent.com/-ewbNLbWyIuw/Ww-zIDvwKAI/AAAAAAAAiYY/Fjidh9Z92owbueRW7EfWD8_nTujicVxmQCLIBGAYYCw/w464-h260-n-k-no/,"53 Nambusunhwan-ro 152-gil, Sillim-dong, Gwanak-gu, Seoul, South Korea",Museums
탄허기념박물관,4.4,Museum,37.4789983,127.1029546,https://lh4.googleusercontent.com/-4U3C9g4faPQ/W4KN9_AXQDI/AAAAAAAAFRA/KI9nbJpBdLgi8cGoCJXvnVY_ZniTLPlnwCLIBGAYYCw/w464-h260-n-k-no/,"13-51 Bamgogae-ro 14-gil, Jagok-dong, Gangnam-gu, Seoul, South Korea",Museums
Gallery Won,4.3,Art museum,37.527513,127.0459085,https://lh3.googleusercontent.com/-HuZcrRMa2qQ/Xdkfw-x6mCI/AAAAAAABD1M/ontis1tJQm41OhtptxbqUyJcH0tLjJ6RwCLIBGAYYCw/w464-h260-n-k-no/,"101-5 Cheongdam-dong, Gangnam-gu, Seoul, South Korea",Museums
Nanji Residency,4.2,Art museum and art,37.5689698,126.8787945,https://lh5.googleusercontent.com/-K8nphzBcKCg/WuApnyond_I/AAAAAAAA_rM/T4OuTHlECpomRsY-hdkVVyiL0YXs40NqACLIBGAYYCw/w464-h260-n-k-no/,"108-1, Haneulgongwon-ro,, Mapo-gu, Seoul, South Korea",Museums
D Project space,4.5,Art museum and art,37.5347116,127.009922,https://lh6.googleusercontent.com/-zis4B2ZF4E8/WS1SxvrQEUI/AAAAAAAAjQU/pSHsML1mHY8R8s7GmVr0G1OYiQ8aVuXBACLIB/w464-h260-n-k-no/,"28 Hannam-daero 18-gil, Hannam-dong, Yongsan-gu, Seoul, South Korea",Museums
Konkuk University Museum,4.2,Museum,37.5423945,127.0756472,https://lh3.googleusercontent.com/-Mk56OiUmrus/XaEe4RgoOHI/AAAAAAAAMrU/xGowgssxMpQ-dVzt9sygBlwMdoUCijw_wCLIBGAYYCw/w464-h260-n-k-no/,"South Korea, 서울특별시 광진구 아차산로 263 (화양동)",Museums
Seoul Museum of Art,4.2,"Art museum, museum, and art",37.5640253,126.9737793,https://lh4.googleusercontent.com/proxy/pE2_2UpzIGt6vf716oHpzrsExt3clhF5_nIXoVVsY8WtNUCxXHrWkcbokp3k__HD3xWA1qQawYTKXWbkpQ5WLu0N5pmBCu98EaBr7J8Ngx56dlbfYboLipCi24bCAHML8vuETrLnyCK4EhVq6PnfIYWVawgexrI-Avtn9I2SMYH4=w464-h260-n-k-no,"61 Deoksugung-gil, Seosomun-dong, Jung-gu, Seoul, South Korea",Art&Culture
Bongeunsa,4.5,Buddhist temple & Maitreya Buddha statue,37.514852,127.0573766,https://lh3.googleusercontent.com/proxy/KYMPvTAHXr4m7HwQ7YFKhzNxLofPAHfYswAYcIeTn1IP5QnO6fUf023N3FgX0y7oG5MY-aUpY4RjzzGsnu1DjCx6CPYE7RNytIo4TRCF6ZUDfrIJdz7KUM-p0aoRaWsGCN4y2yBruu0fB06byfMiIC4ubI8=w464-h260-n-k-no,"531 Bongeunsa-ro, Samseong 1(il)-dong, Gangnam-gu, Seoul, South Korea",Art&Culture
Jogyesa,4.4,Main Buddhist temple & grand main hall,37.5743716,126.9826498,https://t0.gstatic.com/images?q=tbn:ANd9GcRHWu5HFU-5mIntZUnB4X9BKO3MmFQD-Oe3v5MMP3IAkRMhwHFdhL9U2_qfM_ocYAvj5vDiW36GtttDKw,"55 Ujeongguk-ro, Gyeonji-dong, Jongno-gu, Seoul, South Korea",Art&Culture
"Leeum, Samsung Museum of Art",4.4,Sleek art museum with audio guides,37.538122,126.998579,https://lh3.googleusercontent.com/-WnCtFmhA27U/Xc-U5LbDFxI/AAAAAAABJvM/zCyEglpluiIaHQcFJ64WumsScAudPeAsgCLIBGAYYCw/w464-h260-n-k-no/,"60-16 Itaewon-ro 55-gil, Hannam-dong, Yongsan-gu, Seoul, South Korea",Art&Culture Local-favorites
Yeouido,3.8,Island,37.5175402,126.9345308,https://t0.gstatic.com/images?q=tbn:ANd9GcTPcaxaomon5ni938xk98N5Hl4Gwv7K04sCcozSWRtQ3oQAkra7MJfvuSF8r57g3DCbUPIrZEazKZEZKA,"Yeoui-dong, Yeongdeungpo-gu, Seoul, South Korea",Art&Culture
Starfield Library,4.6,Library,37.5099631,127.0602751,https://lh6.googleusercontent.com/-GknSqwUajRg/XR1agDG2RvI/AAAAAAAAePg/38dciU4IryoLM7MSVXRM4HG77fW0G2A5wCLIBGAYYCw/w464-h260-n-k-no/,"955-9 Daechi-dong, Gangnam-gu, Seoul, South Korea",Art&Culture
Gansong Art Museum,3.9,"Art museum, painting, museum, and art",37.5936152,126.9968558,https://lh3.googleusercontent.com/-BCnjzECptDY/XJW7eu9e5cI/AAAAAAAAGL4/_Qxryv_lOyQBmAkpketIBWX2sNyml1YKwCLIBGAYYCw/w464-h260-n-k-no/,"97-1 Seongbuk-dong, Seongbuk-gu, Seoul, South Korea",Art&Culture
Sejong Center,4.4,Center for Korean performing arts,37.5725254,126.9756429,https://lh5.googleusercontent.com/-T_46gAe-oGU/XStCmKFSxBI/AAAAAAADeJ0/wLWqUYcfo44ZjzIKzUenH6oOl5ig9Z2wQCLIBGAYYCw/w464-h260-n-k-no/,"175 Sejong-daero, Sejongno, Jongno-gu, Seoul, South Korea",Art&Culture
National Museum of Modern and Contemporary Art - Seoul,4.5,Indoor-outdoor art exhibitions,37.5658959,126.9736922,https://lh3.googleusercontent.com/-GE3Y2HA2upw/Xe_PFDk6nII/AAAAAAABXxA/Jq1-x3D0gz8rdqsBOoG7rhS420tVhWLuACLIBGAYYCw/w464-h260-n-k-no/,"South Korea, Seoul, Jung-gu, Sejong-daero, 99",Art&Culture
Starfield COEX Mall,4.2,Huge underground mall with an aquarium,37.51168500000001,127.0593394,https://lh4.googleusercontent.com/proxy/7qttDY1-VtWApcIAicdonw2xBWWFPUcnXVLcxVOQ8b_nLFLQDIBum0QqOzv86u9K2I5gA8cGHJmSNF8xUsp4eWkXINGsbQdAs7WZdr_uK9NDgRdbdJDU1WlKZm54hJAyFwLhmJHwh8PmbwNBmJHiHmRJHdWzTqhBBTn-AfXhI1P3=w464-h260-n-k-no,"513 Yeongdong-daero, Samseong 1(il)-dong, Gangnam-gu, Seoul, South Korea",Art&Culture Kind-friendly
Hangaram Arts Center Museum,4.4,"Art museum, museum, and art",37.4803793,127.0142462,https://lh4.googleusercontent.com/-3WfTtc771wI/XXndCv51ZhI/AAAAAAABy_g/68Tj5nJl6v8D1lqCT-qqbWmjIyaV8muyACLIBGAYYCw/w464-h260-n-k-no/,"2406 Nambusunhwan-ro, Seocho-dong, Seocho-gu, Seoul, South Korea",Art&Culture Nightview
Ilmin Museum of Art,4.1,Art museum featuring modern Korean works,37.56978400000001,126.977664,https://lh6.googleusercontent.com/-Or9qpDofi10/WQyu2TF5dBI/AAAAAAAAYB8/BNmL2QW8f4klsjuWqmis6cMNobqWnA6wQCLIBGAYYCw/w464-h260-n-k-no/,"152 Sejong-daero, Sejongno, 구 Seoul, South Korea",Art&Culture
Kukje Gallery,4.2,Uniquely designed gallery for modern art,37.5807256,126.9804343,https://lh3.googleusercontent.com/-1ufrsyYaJwI/XYW6c-3NFuI/AAAAAAACxeA/A4Wv6UXdis0ZouE60AvFHCzOZM2JUkrPwCLIBGAYYCw/w464-h260-n-k-no/,"54 Samcheong-ro, Sogyeok-dong, Jongno-gu, Seoul, South Korea",Art&Culture
D Museum,4.2,Unique museum with modern art exhibits,37.5371914,127.011437,https://lh6.googleusercontent.com/-IoJ2RAbTZ_0/VqMzAdS4v1I/AAAAAAAAAdU/Cg-x1Dg45eUHOX4VgDYiuCsWzRHwUNbyACJkC/w464-h260-n-k-no/,"5-6 Dokseodang-ro 29-gil, Hannam-dong, Yongsan-gu, Seoul, South Korea",Art&Culture
Kumho Museum of Art,4.0,"Art museum, museum, and art",37.5774224,126.9798857,https://lh4.googleusercontent.com/-MU07H57Emro/V2afsiBVZXI/AAAAAAABzD0/56yYrSL3m-UQ-dpUw5JX9LrrgqYFcNKcwCJkC/w464-h260-n-k-no/,"18 Samcheong-ro, Samcheong-dong, Jongno-gu, Seoul, South Korea",Art&Culture
Art Sonje Center,4.2,Sleek museum of contemporary art,37.5794981,126.9819725,https://lh3.googleusercontent.com/-gROu6RT5jfg/UpgE9itJewI/AAAAAAAAABk/VvME_6S8cYA5m-_DWXECyqSDZ-G9n6m4ACJkC/w464-h260-n-k-no/,"87 Yulgok-ro 3-gil, Samcheong-dong, Jongno-gu, Seoul, South Korea",Art&Culture
Bukchon Hanok Village,4.3,Heritage village with 600-year history,37.5824075,126.9836531,https://lh5.googleusercontent.com/proxy/TLL0NgIfM77p7h6ZKmVYysIuFKluIROWAOc_SQkfg6kEID6h-8_XojF3cZHCsZ3kqyArB77S8aGlHucpTIziY-0fUWlXA4Zx8iIkAoyu5p4QXIG-wyk2PRURpQ-1pejh7v3k9QgiRF--8ExjUSKK-thF-3s=w464-h260-n-k-no,"South Korea, Seoul, Jongno-gu, Gahoe-dong, 계동길 37",Art&Culture Kind-friendly Nightview
Dongdaemun Design Plaza,4.3,Space-age venue with a design center,37.566725,127.009506,https://lh6.googleusercontent.com/proxy/pbuwfzjMsQMnjq8UtEMphN4bVmFByut-HMjs3teQ47jHtxaCuqxjHuhMvUr2LUeSzUqPrf2bNhIUxhdf2LGEzoYk-AtCoT3vr79r3iEliUzb4XJBZcrdxO2NC40Z6QMEAESenXXWWwcSx8wbzSGgAxWCfxY=w464-h260-n-k-no,"281 Eulji-ro, Euljiro 7(chil)-ga, Jung-gu, Seoul, South Korea",Art&Culture Kind-friendly Local-favorites SeoulFutureHeritage
63 Building,4.2,Landmark skyscraper & entertainment area,37.5193776,126.9402103,https://lh5.googleusercontent.com/proxy/_7XIQepKIhmgm9ZuDvzcwzq6yo4elhC4kQABjzVv4LZkdzysLztNUQgYFv5gU-gWStFZwObIFvFoZUuRp5oPplKaeck-jDnKjnvnZvWdM04E0YhXVDDWTxEqluaUgJa0s7tS6dF1A6rX1F8xfV65-y4SvyHNPDXa7iuPWru4Fcfo=w464-h260-n-k-no,"50 63-ro, Yeoeuido-dong, Yeongdeungpo-gu, Seoul, South Korea",Art&Culture Kind-friendly
Savina Museum,4.1,"Art museum, museum, and art",37.6301511,126.9293496,https://lh3.googleusercontent.com/-hh5r7Odwik8/XJIgKkwt8WI/AAAAAAAAAcg/62U8TU6gVxgNjCokSADMEImYRZQ61XpRACLIBGAYYCw/w464-h260-n-k-no/,"93 Jingwan1-ro, Jingwan-dong, Eunpyeong-gu, Seoul, South Korea",Art&Culture
Whanki Museum,4.4,"Art museum, museum, and art",37.5944125,126.9663383,https://lh5.googleusercontent.com/-Hh_QTyVuQK0/XOEsCQakf4I/AAAAAAAAHOA/V2Y8JapsTpQpotuj98zHuajBQR7TDh2uACLIBGAYYCw/w464-h260-n-k-no/,"63 Jahamun-ro 40-gil, Buam-dong, Jongno-gu, Seoul, South Korea",Art&Culture Nightview
Seongnam Arts Center,4.3,"Opera house, musical theatre, art, opera, and theatre",37.4031543,127.1320346,https://lh4.googleusercontent.com/-lTC5B4vRVnA/XY_9oVtLRjI/AAAAAAAA0Sw/K0m2vfRpX1EEzLNT-ioeFj-spGNXMN_kACLIBGAYYCw/w464-h260-n-k-no/,"808 Seongnam-daero, Yatap 3(sam)-dong, Bundang-gu, Seongnam-si, Gyeonggi-do, South Korea",Art&Culture
Sungkok Art Museum,4.2,"Art museum, museum, and art",37.5731157,126.9697643,https://lh6.googleusercontent.com/-kczNG87rkfA/WS2h057TZKI/AAAAAAAAAX4/bCXbrWKPkjYHAFePMJPCYtDl-zbDxZOiQCLIB/w464-h260-n-k-no/,"42 Gyeonghuigung-gil, Sajik-dong, Jongno-gu, Seoul, South Korea",Art&Culture
Chungmu Art Center,4.2,"Art, theatre, music, and musical theatre",37.5660165,127.014653,https://lh3.googleusercontent.com/-tcqdIEQRgT0/XRXj-8MslEI/AAAAAAAAfps/SkSEkZpfr88rpMlj38P9NUhwTRCRMfGmQCLIBGAYYCw/w464-h260-n-k-no/,"South Korea, 서울특별시 Jung-gu, Heungin-dong, 퇴계로",Art&Culture
Lotte Tower,4.4,Huge skyscraper with an observation deck,37.5129907,127.1027322,https://t1.gstatic.com/images?q=tbn:ANd9GcTX2zKiVUyLnOnEfXUZJA4fss5bIrk_0fHXp3BPbLQmfTuN6JWtt0GbhSWH_Vl-5D3miKdvbLkXO7PuFg,"300 Olympic-ro, Jamsil 6(yuk)-dong, Songpa-gu, Seoul, South Korea",Art&Culture Nightview
SOMA Museum of Art,4.2,"Museum, art, and art museum",37.5166362,127.1182537,https://lh6.googleusercontent.com/-G72Qj12ZFfI/XWz7E3zL72I/AAAAAAAAIrM/iXCPHCHh0Ss2nb2CAUXMUaGJUzhPAVoKwCLIBGAYYCw/w464-h260-n-k-no/,"424 Olympic-ro, Oryun-dong, Songpa-gu, Seoul, South Korea",Art&Culture
Myeongdong NANTA Theatre,4.5,Theatre,37.5634525,126.9837209,https://lh4.googleusercontent.com/-ujY7xuRlkWY/Xe1cXs4zE8I/AAAAAAAAg-w/6YCkNGCrgYwxtLWoIimuNRdl11-nK8UKgCLIBGAYYCw/w464-h260-n-k-no/,"South Korea, Seoul, Jung-gu, Myeongdong 2(i)-ga, Myeongdong-gil, 26 유네스코회관",Art&Culture
Trickeye Museum Seoul,4.2,Optical illusion & 3D museum,37.5535655,126.9217263,https://lh6.googleusercontent.com/-TvBIcaKAqXM/Xape39Zk6CI/AAAAAAAAoXk/eEHUtTCx6qsJDEsfEb8uv0oHrxT4vE02gCLIBGAYYCw/w464-h260-n-k-no/,"20 Hongik-ro 3-gil, Seogyo-dong, Mapo-gu, Seoul, South Korea",Art&Culture Kind-friendly
Universal Arts Center,4.2,"Art, musical theatre, theatre, ballet, and music",37.550816,127.087932,https://lh3.googleusercontent.com/-Mo1FL6b1fkQ/WFpuj9sRdmI/AAAAAAAADG4/ktzcfRCZSGgaYNTfT2nDEwrfSLJat2CLgCLIB/w464-h260-n-k-no/,"664 Cheonho-daero, Gueui-dong, Gwangjin-gu, Seoul, South Korea",Art&Culture
Seoul Museum,4.2,Art museum and art,37.5238506,126.9804702,https://lh4.googleusercontent.com/-DpZqc6lEDQ8/XBnLg-ZNLyI/AAAAAAAAAAg/fjZskeOxKj0orxkbej8m64XByQQE5RYNwCLIBGAYYCw/w464-h260-n-k-no/,"137 Seobinggo-ro, Seobinggo-dong, Yongsan-gu, 서울특별시 South Korea",Art&Culture
가나아트센터 Gana Art Center,4.0,Established gallery for contemporary art,37.6121861,126.9750972,https://lh6.googleusercontent.com/-HnKOMlEIdXA/V_NED3HbLFI/AAAAAAAAMic/c_D-NrroFmwDhe9u74s-86gj-tWfn8RMACLIB/w464-h260-n-k-no/,"97 Pyeongchang-dong, Jongno-gu, Seoul, South Korea",Art&Culture
아르코미술관,4.3,Art and art museum,37.5804333,127.0031889,https://lh4.googleusercontent.com/-Epf5uB0t8Fc/XRnzFJwTCAI/AAAAAAAAIe8/lNkIuEPWD2o5bgIXD7sUD_f31Prq5PRJACLIBGAYYCw/w464-h260-n-k-no/,"3 Dongsung-gil, Ihwa-dong, Jongno-gu, Seoul, South Korea",Art&Culture
Bongwonsa,4.4,Buddhist temple in a scenic setting,37.5719909,126.947403,https://t3.gstatic.com/images?q=tbn:ANd9GcQgkohgBiM61k_40LraSJEI4hGQ7NEc51mbmOtHCvd7B3ePlPk4AslXEA0Hgfps8MMFnban0NE4YA2tqQ,"산 1번지 Bongwon-dong, Seodaemun-gu, Seoul, South Korea",Art&Culture
Hongdae Free Market,4.0,Outdoor vendors with art & craft items,37.5521258,126.9229717,https://lh5.googleusercontent.com/-o_R0PAYN-24/Wv1pCtTz0PI/AAAAAAAAVsk/M9ZhYo_RiuQL8czFjo4DmTeGsys9tcGHACLIBGAYYCw/w464-h260-n-k-no/,"19-3 Wausan-ro 21-gil, Seogyo-dong, Mapo-gu, Seoul, South Korea",Art&Culture Market SeoulFutureHeritage
서울시립 북서울미술관,4.2,Art museum and art,37.6407938,127.0667628,https://lh3.googleusercontent.com/-rQ1vSmx0Yy8/WrIvv4QatuI/AAAAAAABcvQ/wUJpNA5Yx8EGL20LhtRiGyMMxRbaDMxkgCLIBGAYYCw/w464-h260-n-k-no/,"1238 Dongil-ro, Junggye 2(i).3(sam)-dong, Nowon-gu, Seoul, South Korea",Art&Culture
Seoul Museum of Art Nam-seoul,4.3,Art museum and art,37.4760469,126.9794457,https://lh4.googleusercontent.com/-MHazUzjN2UM/XXZF52WJnVI/AAAAAAABsw4/3aKyR5QigFoHjS9V11-xSfnJ43XdUVNvACLIBGAYYCw/w464-h260-n-k-no/,"1059-13 Namhyeon-dong, Gwanak-gu, Seoul, South Korea",Art&Culture
Seoul Plaza,4.2,Ice skating,37.5655906,126.9780251,https://lh6.googleusercontent.com/--TJQFBUbOQc/XSWbue05AzI/AAAAAAAAAP0/3RpTDPPJlI8GuERGiJqgEaePao_1F6W7wCLIBGAYYCw/w464-h260-n-k-no/,"110 Sejong-daero, Euljiro 1(il)-ga, Jung-gu, Seoul, South Korea",Art&Culture Kind-friendly SeoulFutureHeritage
Arario Museum,4.5,"Museum, art, and art museum",37.5776464,126.9885488,https://lh5.googleusercontent.com/-MMPu9j6nha8/WHH48riJ0KI/AAAAAAAA7Bw/dO-zhpKAVVQ-vNrlms3iz2PWKAzCWw-fwCLIB/w464-h260-n-k-no/,"South Korea, Seoul, 종로구 Gahoe-dong, 율곡로 83",Art&Culture
토탈미술관 : Total Museum of Contemporary Art,4.3,"Art museum, museum, and art",37.6122227,126.9756747,https://lh5.googleusercontent.com/-rwh2i7WSgsk/W3lD68FVdRI/AAAAAAAA1NA/l-9Ft2NBx7cSoPHctpaa6myJqxRdhK1FACLIBGAYYCw/w464-h260-n-k-no/,"8 Pyeongchang 32-gil, Pyeongchang-dong, Jongno-gu, Seoul, South Korea",Art&Culture
Kyungin Museum of Fine Art,4.3,Art museum and art,37.5744158,126.9854165,https://lh5.googleusercontent.com/-KR40q9kYGAo/WfbmnI1U6xI/AAAAAAALTX4/wlDD517t6UIJ8sZHDj533YIJVO4KV_TVgCLIBGAYYCw/w464-h260-n-k-no/,"57-1 Gwanhun-dong, Jongno-gu, Seoul, South Korea",Art&Culture
Insa Art Center,4.0,Art museum and art,37.5738194,126.9845894,https://lh3.googleusercontent.com/-f0ccMUE69Sg/XdIocd-ADLI/AAAAAAAAFGg/EmZOtWAVviYD8Fbnvo_2LOWQf1HqQozUACLIBGAYYCw/w464-h260-n-k-no/,"41-1 인사동길, Jongno 1(il).2(i).3(sam).4(sa), Jongno-gu, Seoul, South Korea",Art&Culture
Namdaemun Market,4.1,Sprawling traditional marketplace,37.5591786,126.9776692,https://lh5.googleusercontent.com/proxy/PG6YscZzRR9qvXA9iyKZy5wYwHE6Fgg8_hwknUhC182VyBOV4XniQPXiCMVq8tvATtE0PG4sOAePlD1AhpVAJ99ehH7NRFn9enYIuOC3l9FQHO1yRhEkSDw2wxYeBka6BMRheTpf8MvtUFMu9UmaZEgrMdQ=w464-h260-n-k-no,"21 Namdaemunsijang 4-gil, Hoehyeon-dong, Jung-gu, Seoul, South Korea",Market Kind-friendly SeoulFutureHeritage
Gwangjang Market,4.1,Enduring traditional food market,37.5701527,126.9993404,https://t1.gstatic.com/images?q=tbn:ANd9GcSWX2YGdR3FLPAwW4XiUS0Pq2e4kkv8mtVdpxNAODmKmxuXuP1JkWY2WMj7qSt420ZhMHZ5aAvgo8SMVg,"88 Changgyeonggung-ro, Jongno 4(sa)-ga, Jongno-gu, Seoul, South Korea",Market Local-favorites SeoulFutureHeritage
Gyeongdong Market,4.1,Market and shopping,37.57973,127.03854,https://lh3.googleusercontent.com/-lN-IhkUJ3QY/XJug3U3Pe8I/AAAAAAAAGQY/EBfvp9nX8DIHp10R_WNeTvK8stxdQ_OSwCLIBGAYYCw/w464-h260-n-k-no/,"37°34'47.0""N 127°02'18., 7 Yongdu-dong, Dongdaemun-gu, Seoul, South Korea",Market Kind-friendly SeoulFutureHeritage
Garak Market,4.0,Wholesale provisions bazaar with seafood,37.4928569,127.1148684,https://lh5.googleusercontent.com/-9qk2Jwvwgqc/XL8KrpxfBxI/AAAAAAAA1sM/ALjEz08dbSoid7NecmzCScb6qgM-e475QCLIBGAYYCw/w464-h260-n-k-no/,"932 Yangjae-daero, Munjeong-dong, Songpa-gu, Seoul, South Korea",Market Kind-friendly SeoulFutureHeritage
Noryangjin Fisheries Wholesale Market,3.8,Huge wholesale & retail fish market,37.5152131,126.9408624,https://lh5.googleusercontent.com/proxy/g678qWUVrs52p8QCmE1x61I1J00Qft_yhxyZDli2OcOoxRKqbq6B7_02KqD0VJX64O4DYKp0Pprx-KTK9hH0KFrqSAhHRCLBEmdufg3djeJuwgtpAMrHfAFPFC4kVX0_JtDJ1tEhTOBlAQuz89hPKQI4DuQ=w464-h260-n-k-no,"674 Nodeul-ro, Noryangjin-dong, Dongjak-gu, 서울특별시 South Korea",Market SeoulFutureHeritage
Bangsan Market,4.0,Mall for craft supplies & wrapping paper,37.5687294,127.0008004,https://lh4.googleusercontent.com/-D4QmpjUgXNg/XJdr0SMxxCI/AAAAAAABvtk/wLT1gsbrfM4ySecidAFRDxFmh6EWwhcgACLIBGAYYCw/w464-h260-n-k-no/,"20 Dongho-ro 37-gil, Jugyo-dong, Jung-gu, Seoul, South Korea",Market SeoulFutureHeritage
Gyeongdong market/Seoul Yang Nyeong market,4.0,Market and shopping,37.5793677,127.0388243,https://lh5.googleusercontent.com/-QNCGVMa6w8o/Ws7tcvk8Q5I/AAAAAAAAdLs/cUIBtQKj4_k-wbBHf5tIX5TiObTVrOEhQCLIBGAYYCw/w464-h260-n-k-no/,"1036 Jegi-dong, Dongdaemun-gu, Seoul, South Korea",Market SeoulFutureHeritage
Dongjin market,3.8,Market and shopping,37.5622222,126.9266667,https://lh3.googleusercontent.com/-XtuIkaCv-C4/V4t8fhNTDJI/AAAAAAAAsyQ/Z8Ioq_ez_KAJGs_Q2-cFyMQ4qJtBCbgbwCLIBGAYYCw/w464-h260-n-k-no/,"198 Seongmisan-ro, Yeonnam-dong, Mapo-gu, Seoul, South Korea",Market SeoulFutureHeritage
Tongin Market,3.8,Market and shopping,37.5807168,126.9699822,https://lh5.googleusercontent.com/-tgCp-9l1i4c/WSpyz74-j2I/AAAAAAABrI4/zn3meb_fJzYiwCfscDtR3-GDiKXwmUWGgCLIB/w464-h260-n-k-no/,"18 Jahamun-ro 15-gil, Tongin-dong, Jongno-gu, Seoul, South Korea",Market SeoulFutureHeritage
방학동도깨비시장,4.2,Market and shopping,37.6644683,127.0340446,https://lh6.googleusercontent.com/-B14-sWOjmA0/WInv3MH9ZCI/AAAAAAAAAS8/cQkLIsNIGD4Z9D8xa1g55ymnloEZ0npKwCLIB/w464-h260-n-k-no/,"632 Banghak 2(i)-dong, Dobong-gu, Seoul, South Korea",Market
서울 중앙시장,3.8,Market and shopping,37.5667491,127.0197908,https://lh6.googleusercontent.com/-LYUmLKThZ-g/WlTp6ecYwII/AAAAAAAAScQ/VQlOocEbfuAqVMouLS4VlUY0zgu8ePFiACLIBGAYYCw/w464-h260-n-k-no/,"22 Toegye-ro 85-gil, Hwanghak-dong, Jung-gu, Seoul, South Korea",Market
Namsan Cable Car,4.1,Aerial tramway with panoramic views,37.5565908,126.9839744,https://lh6.googleusercontent.com/-tIZpMmwoink/WavkhTOR4nI/AAAAAAAARf0/vCIMRj4DQi06XYOU_GuhmSe6htNu6OTaACLIBGAYYCw/w464-h260-n-k-no/,"83 Sopa-ro, Myeong-dong, Jung-gu, Seoul, South Korea",Kind-friendlyNightviewSeoulFutureHeritage
Seoul Children's Museum,4.5,Interactive museum for kids & toddlers,37.550431,127.0774945,https://lh5.googleusercontent.com/-affMh7YUmvA/XSr2fegjpLI/AAAAAAAAK3c/Ret0bWESyXAOh0HFXPwnQKvJQMWI7HrOgCLIBGAYYCw/w464-h260-n-k-no/,"216 Neungdong-ro, Neung-dong, Gwangjin-gu, Seoul, South Korea",Kind-friendly
